14.13472514173469379046
21.02203963877155499263
25.01085758014568876321
30.42487612585951321031
32.93506158773918969066
37.58617815882567125722
40.9187190121474951874
43.3270732809149995195
48.00515088116715972794
49.77383247767230218192
52.97032147771446064415
56.44624769706339480437
59.34704400260235307965
60.83177852460980984426
65.11254404808160666088
67.07981052949417371448
69.54640171117397925293
72.06715767448190758252
75.70469069908393316833
77.14484006887480537268
79.33737502024936792276
82.91038085408603018316
84.73549298051705010574
87.42527461312522940653
88.80911120763446542368
92.49189927055848429626
94.6513440405198869666
95.87063422824530975874
98.83119421819369223332
101.3178510057313912288
103.7255380404783394164
105.4466230523260944937
107.1686111842764075151
111.0295355431696745247
111.8746591769926370856
114.3202209154527127659
116.2266803208575543822
118.790782865976217323
121.3701250024206459189
122.9468292935525882008
124.2568185543457671847
127.5166838795964951243
129.5787041999560509858
131.0876885309326567236
133.4977372029975864501
134.7565097533738713313
138.1160420545334432002
139.7362089521213889505
141.1237074040211237619
143.1118458076206327394
146.0009824867655185474
147.4227653425596020495
150.0535204207848803514
150.9252576122414667619
153.0246938111988961983
156.1129092942378675698
157.5975918175940598875
158.8499881714204987242
161.1889641375960275194
163.0307096871819872433
165.53706918790041883
167.184439978174513441
169.0945154155688214895
169.9119764794116989667
173.4115365195915529598
174.7541915233657258134
176.4414342977104188889
178.3774077760999772858
179.9164840202569961393
182.2070784843664619154
184.874467848387508801
185.5987836777074714665
187.2289225835018519916
189.4161586560169370849
192.0266563607137865473
193.0797266038457040474
195.2653966795292353215
196.8764818409583169486
198.0153096762519124249
201.264751943703788733
202.4935945141405342777
204.1896718031045543307
205.3946972021632860252
207.9062588878062098615
209.5765097168562598528
211.6908625953653075639
213.3479193597126661906
214.5470447834914232229
216.1695385082637002659
219.0675963490213789857
220.7149188393140033691
221.4307055546933387321
224.0070002546043352117
224.9833246695822875038
227.4214442796792913105
229.3374133055253481078
231.2501887004991647738
231.9872352531802486038
233.6934041789083006407
236.5242296658162058025
237.7698204809252040032
239.5554775733276287403
241.0491577962165864128
242.8232719342226000168
244.0708984970781582368
247.1369900748974994676
248.1019900601484592568
249.5736896447072091923
251.014947795016001143
253.0699867479994771946
255.3062564549140227531
256.3807136944344777894
258.610439491531368209
259.8744069896780003507
260.8050845045968701859
263.5738939048701322331
265.5578518388763202925
266.6149737815010724957
267.9219150828240594404
269.9704490239976025947
271.4940556416449990182
273.4596091884032870457
275.5874926493438412487
276.4520495031329386799
278.2507435298419544927
279.2292509277451892284
282.465114765052096233
283.2111857332338674205
284.8359639809047241332
286.6674453630028842928
287.9119205014221871553
289.5798549292188341527
291.8462913290673958355
293.5584341393562853568
294.9653696192655421751
295.5732548789582923885
297.9792770619434152099
299.84032605372131296
301.6493254621941836235
302.6967495896069170518
304.8643713408572977001
305.7289126020368092892
307.2194961281700547894
310.1094631467018988048
311.1651415303560032709
312.4278011806008919805
313.985285731158922979
315.4756160894757338686
317.7348059423701803956
318.8531042563165979067
321.1601343091135782919
322.1445586724829322988
323.4669695575120505062
324.862866051739613265
327.4439012619054573435
329.0330716804809340336
329.9532397282338663439
331.4744675826634243757
333.645378524869850585
334.2113548332443832324
336.8418504283906847947
338.3399928508066118863
339.8582167253635401923
341.0422611110465604826
342.0548775103635854514
344.6617029402523370442
346.3478705660099473959
347.2726775844204844758
349.3162608706961441232
350.4084193491920991877
351.8786490253592804367
353.4889004887188067836
356.017574977264947318
357.1513022520396248096
357.9526851016322737551
359.7437549531144487993
361.2893616958046503903
363.3313305789738347473
364.7360241140889937163
366.2127102883313168611
367.9935754817403033262
368.9684380957343898916
370.0509192121060003397
373.0619283721128384491
373.8648739109085697448
375.8259127667393341079
376.3240922306680521172
378.4366802499654797241
379.872975346532346651
381.4844686171865249197
383.4435294495364877043
384.9561168148636871038
385.8613008459742291806
387.2228902223879809759
388.8461283542322546008
391.4560835636380457706
392.245083339519096749
393.4277438444340259367
395.5828700109937209709
396.381854222592186932
397.918736209614243387
399.9851198761948995059
401.8392286005332165399
402.8619177638861141763
404.2364418002080047402
405.1343874599099272575
407.5814603868961820763
408.9472455023511125196
410.5138691933666386468
411.9722678042787506646
413.2627360701850468863
415.0188097551551156463
415.4552149962945988571
418.387705789534779226
419.8613648181523236879
420.643827625041786268
422.0767100588267596298
423.7165796274818186106
425.0698824944613476144
427.2088250840745805281
428.1279140766166821103
430.3287454309386366699
431.3013069307035920195
432.1386417345885683063
433.8892184809272253029
436.1610064326469840718
437.581698167668581154
438.6217386562721962909
439.9184422143706564102
441.6831992011890238742
442.9045463026094494697
444.3193362775591559203
446.8606226964295225289
447.4417041944932900655
449.148545685023304753
450.12694578031352403
451.4033084453887954621
453.9867378066779160384
454.9746837686167888753
456.3284266892460512245
457.9038930641029715747
459.513415281106011754
460.0879444221758412553
462.0653672748825309638
464.0572869105482845762
465.671539211371094553
466.5702869308262551674
467.4390462102616388566
469.5360045591120321918
470.7736554781016476901
472.7991746619088166583
473.8352323451396870738
475.6003393693757856054
476.7690152374845208528
478.0752637666709691999
478.9421815346348265383
481.8303393762865613667
482.8347827909823973066
483.8514272124825375602
485.53914812935600693
486.5287182616512443524
488.3805670900174485271
489.6617615779561315128
491.3988215936630065692
493.3144415817853009364
493.9579978053694649096
495.3588288221312774968
496.4296962157591034839
498.5807824296865420167
500.3090849416904955393
501.6044469651454776633
502.2762703271182331754
504.4997733134277371838
505.4152317422444420296
506.4641527095235312215
508.8007003364678208095
510.2642279436728344208
511.5622897003745954605
512.6231445314074186671
513.6689855554736834362
515.4350571672993772497
517.5896685724674253414
518.2342231475501435739
520.1063104117232559032
521.5251934494920409677
522.4566961777302104301
523.960530892015840487
525.0773856872796221806
527.9036416012723452296
528.4062138522926589416
529.8062263187069007982
530.8669178839610896444
532.6881830282937305051
533.7796307537687325655
535.664314075873224617
537.0697590831223275884
538.4285261762479628435
540.2131663762281333836
540.6313902472951173601
541.8474371212012815471
544.3238901010052629031
545.6368332489348182549
547.0109120581222924637
547.9316133644893383105
549.49756756266137846
550.9700100394838890457
552.0495722005648927926
553.7649721191588146171
555.7920205616825084166
556.899476406855351262
557.5646591720585284085
559.3162370286821637609
560.2408074972956682418
562.5592076160458511081
564.1608791107861178139
564.5060559381498351222
566.6987876828079562415
567.7317579011769374503
568.9239551796293684968
570.0511147824635920385
572.4199841324527640453
573.6146105267581299872
575.0938860144948856075
575.8072471409287807094
577.0390034720982112166
579.0988346720366074313
580.1369593623846286727
581.9465762659016255515
583.236088219167278262
584.5617059034655283669
585.9845632049883005742
586.7427718912501556448
588.1396632662479564176
590.660397516765275631
591.7258580650480566492
592.5713583002255698208
593.9747146822310292438
595.728153697388949177
596.3627683283936840896
598.4930773461647544011
599.5456403643648539975
601.6021367359326360517
602.5791678863873542988
603.6256189035791606722
604.6162184937532329146
606.3834604221090410887
608.4132173111873251751
609.3895751547200805273
610.8391629377394069267
611.7742096208872046352
613.5997786756371194052
614.6462378722326215256
615.5385633694070278535
618.1128313664423733825
619.184482597953634249
620.2728936722275219191
621.7092945279486229573
622.3750027397790092179
624.2699000181778808348
626.0192834276543821983
627.268396850783020752
628.3258623594603619359
630.4738874382920458706
630.8057809271975326419
632.2251411671159519522
633.5468582522517774842
635.5238003106054538105
637.3971931598373071737
637.9255139808225810934
638.9279382668567701938
640.6947946688256676232
641.9454996657052945454
643.2788837813978893611
644.9905782297480025124
646.3481915955015920339
647.7617530042888837938
648.7864008887824407711
650.1975193452564590833
650.6686838913959825306
653.6495716053946919021
654.3019205863193422755
655.709463022355636316
656.9640845994606174229
658.1756144186053997449
659.6638459729641078312
660.7167325952792700522
662.2965864311004106444
664.2446046522730134499
665.3427630955990405428
666.5151477041729605488
667.1484948945554299411
668.9758488202351314062
670.3235852058625840344
672.4581835841697341814
673.0435782861476457701
674.3558978101231678962
676.1396743636267482032
677.2301806687639732479
677.8004447462213349189
679.7421978825282177195
681.8949915331518891095
682.6027350197505454875
684.0135498138695052362
684.9726298620984525457
686.1632235877279496035
687.9615431847036484828
689.3689413622723684233
690.4747350323503976939
692.4516844155208488498
693.1769700606018248456
694.5339086998731400156
695.7263359209267301678
696.6260699003456149709
699.1320954760135067108
700.296739132143494568
701.3017429546461556852
702.2273431457605001194
704.0338392955253093227
705.1258139546192276669
706.1846547995179190258
708.2690708851098999953
709.229588570284300709
711.1302741796854315655
711.9002899143753120389
712.7493834701012902546
714.0827718206693930769
716.1123964540521101482
717.4825697031001907144
718.7427865454858939884
719.6971009883656651327
721.3511622185364171284
722.2775049756742373404
723.8458210451284155117
724.5626138903790795922
727.0564032300493816176
728.4054815889340600347
728.7587497956142685661
730.4164821227564347099
731.4173549185985250807
732.8180527144998492086
734.7896432523779942523
735.7654592085783210769
737.0529289122653080423
738.5804211713738225217
739.9095236740419440297
740.573807447295010515
741.7573355729416732759
743.8950131424736593816
745.3449895506118743256
746.4993058994323295096
747.6745636242695283596
748.2427544650845478685
750.6559503621242998668
750.9663810666508372685
752.8876215672023747495
754.3223704717126726851
755.8393089760378298728
756.7682484399509307201
758.1017292464125834115
758.9002382248923747674
760.2823669835120645319
762.7000332496910547281
763.593066172837222997
764.3075227241802217363
766.0875400998362053944
767.2184721555395140825
768.2814618065092308235
769.693407252624424325
771.0708393136783163212
772.9616175657570243378
774.1177446279405074021
775.04784709658050805
775.9997119631714424777
777.2997485295925648165
779.1570769491890040639
780.3489250041816705381
782.1376643908120947543
782.5979439460735398662
784.2888226124655014631
785.7390897007150518406
786.4611474505062774599
787.4684638159100383815
790.0590923641195642949
790.8316204679210350191
792.4277076086045268664
792.8886525626225880422
794.4837918698931644813
795.6065961561624126279
797.2634700380355849162
798.7075701662962113097
799.6543362108976327728
801.6042464629820559667
802.5419848784181496624
803.2430962042701941902
804.7622391126617639516
805.8616356670948028368
808.1518149359937473924
809.1977833633007103877
810.0818048864070998915
811.1843588465062603379
812.7711083891093427198
814.045913607510993502
814.870539625872567784
816.7277377143947163165
818.3806688663616765116
819.2046421708238626058
820.7218984438692874664
821.7134541333794018099
822.1977574934042771436
824.5262938716297481638
826.039287376574383548
826.9058109540807719797
828.3401743004899003705
829.437010968309333623
830.8958840533174007301
831.7997776590705830743
833.0036409091541995383
834.6519151478255758073
836.6935761875918671689
837.3473350595315147675
838.2490219927321458365
839.4653948102824755503
841.0363898290134237244
842.0413542065263713334
844.1661966073507688213
844.8059939757637268813
846.1947699276939977637
847.9717176395120066363
848.4892811809435238249
849.8622743486978262643
850.6454484660040923782
853.1631125833891553258
854.09551171986905862
855.2867102444049363482
856.484117490791662854
857.310740602603826033
858.9040264664756944128
860.4106708960146707516
861.171098212715337606
863.1897197719089342361
864.3408239300695408557
865.5946643265159653951
866.423739904042641463
867.6931226117850062388
868.6704942291315966678
870.8469023257540162058
872.1887508216132077559
873.0989789712819814983
873.9083892353375304396
875.9852851087803223744
876.6008258330274423972
877.654698341033475144
879.3809519697909824565
880.834648847939390283
882.3866966271964612524
883.4303318387016456846
884.1987431145947269604
885.2723044796171270512
886.852801962916298372
888.4755666738171947737
889.7352942940907370974
890.8131321125280636862
892.3864332601558693417
893.1191175672942583362
894.8862923208687161422
895.3979196747829650554
896.6322515562027200335
899.2215226683834193901
899.8588846079374834443
900.8497398605213961178
902.2432075867522884616
903.0996744426304549467
904.7029027222813207743
905.8299407582222094048
907.6567294689675253116
908.3335436450609252807
910.1863340571798425654
911.2349514859555040926
912.3310456000355872488
912.823999246743395378
914.7300969583756133384
916.3550008086427658914
917.8253775704267830265
918.8365352435290295712
919.4483444396823047818
921.1563955071548533674
922.5006293066367702662
923.2857198024222426739
924.7734839334766644162
926.5515527846030289416
927.8508589857535941479
928.6636593289348922888
929.8740928506477547771
931.0092113366280729543
931.8527407455200799217
934.3853068372584647544
934.9954248638464596176
936.2286493792829272137
937.5329257119703812729
939.0243008992183821842
939.6609406145281659856
941.1569996420423726078
942.0523416433754978744
944.188035809572744512
945.3335625030459461415
946.7658422047278511567
947.0791830962548779651
948.3466462550449671666
950.1516126846438408647
951.0332487338235099745
952.7279886198506260847
954.1297192695514153368
954.8293089382166371195
956.6754793432897960231
957.5100525964237224677
958.41459339013618097
959.459168807068112561
961.6695724741927533427
963.1820866713114469971
963.5670401916122706719
965.0555796237511162249
966.1107548184102040187
967.3711537662628543152
968.6363019060873264081
970.1256105569411754792
971.0714914863857279403
973.1853612943011942216
973.8730789926535971942
974.7746350658374298753
976.1785024205896093442
976.9172021170506220214
978.766671535112974454
980.5780006397744180613
981.2886153017589694594
982.3964851687789784014
983.5750760064313287555
985.1869286557734357695
986.1305151101845266494
986.7560084076560356218
988.9926223706574066074
990.223917804027972363
991.3742941477615054319
992.7286963367326594436
993.2145809574429537075
994.4045905710944919
996.2053361642982864835
997.511934751939229211
998.8275471369296331305
999.7915715574129404632
1001.349482637782737122
1002.404305488391711308
1003.267808179453248258
1004.675044121172894226
1005.543420304378364197
1008.006704307063646198
1008.795709900742282346
1009.806590746964629457
1010.569757011061075899
1012.410042515761596843
1013.058638098408985073
1014.689632622370404688
1016.06017894264737813
1017.26640236435540667
1018.605572518620154951
1019.912439743944038362
1020.917475017263678316
1021.544344499904651907
1022.885270911716347826
1025.265724197727696367
1025.707944371462889238
1027.467693515587770273
1028.128964255497517878
1029.227297443961366731
1030.897368790596523561
1031.833180297407762541
1032.812883035158851461
1034.612915529520810066
1036.195917358054740254
1037.024707646281749751
1038.087752240618836437
1039.077401436896688727
1040.264037937695760831
1041.621528014542274155
1043.62395434962149387
1044.514975829078768115
1045.107042352977911391
1047.089817484294784221
1047.987147489600471131
1048.953785194685961633
1049.996284256593219756
1051.576571843205195796
1053.245785158385757626
1054.781039478281349907
1055.002146475685736209
1056.688847363828229858
1057.100043659617783603
1059.133769106897146229
1060.139518561607819097
1061.501304465068420063
1062.915381507880563602
1064.071551071718540425
1065.121855106293055479
1066.463223469242981944
1067.418860120964558059
1067.990000079042625468
1070.535041996829262809
1071.618623215089537905
1072.543998011121555349
1073.570353165093725438
1074.747771044310998579
1076.266625594177409865
1076.924056065754446888
1078.647198480956364694
1079.809965429259069214
1081.171002343467803785
1082.952749723069668661
1083.295466514085606768
1084.183264310430216143
1085.647831208639340712
1086.911998989825093116
1088.755724674808801472
1089.795337924074774958
1090.863191026248860785
1091.728472966936828999
1093.440873272368634681
1094.284457523754159836
1095.43308475866147869
1096.401917794742528502
1098.841015466649861787
1099.360667178571795595
1100.574460622462563219
1101.839111168756013405
1102.551779899917722747
1103.732297174546935848
1105.617188830762071517
1106.774371675832775101
1107.774531955010136933
1109.158918856766451888
1110.444142993613205803
1111.443504764899896587
1112.432995408076444581
1113.397595114801993514
1115.065359461566605677
1116.787253881214524191
1117.965919669199670945
1118.684134861018390904
1119.473247426178982902
1121.155937675810569905
1122.458621356880512254
1123.101117387809200167
1125.31472939784647008
1125.763442429252559466
1127.658023527215719231
1128.430224613892711372
1129.728996777065562175
1130.391597896231670832
1131.495085561917043222
1133.708625669456235851
1134.885654591533196431
1135.562213975477545957
1136.929293480969529785
1138.151589779805540729
1138.992341820493635894
1140.721848171903359753
1141.26102296413675833
1142.858659607856481118
1144.782299518625341877
1145.485327517117106808
1146.576814924866953406
1147.501776523319316091
1148.615277208834019004
1149.982601028107097665
1151.562814723673218149
1152.943128530589795952
1153.890303716271268027
1154.697519535382382913
1156.621567833872543411
1157.432314575610906333
1158.001609027294966145
1159.480657019022297309
1161.396644634378091498
1162.487528602005427804
1163.701031682778615588
1164.737586351227609935
1165.271227706457693606
1166.943613409528712677
1168.086271610138794298
1169.698356884884906186
1170.463638578283666041
1172.120681865695599846
1173.305687764048358727
1174.232766856456302652
1175.215452395950775247
1176.632875809788458633
1177.106304421656146949
1179.701223501933898033
1180.653543787084385331
1181.267318151680018959
1182.58227034692039044
1183.71277529597431535
1185.155842847465792283
1185.875358695356620013
1187.345161493267309956
1188.856444298229306789
1189.963636497918443344
1191.482605926413470865
1192.218611478101545078
1193.324021427455080275
1193.857427135436991966
1196.034671748671062232
1197.071786658821966804
1198.686569104630566476
1199.356513707893968132
1200.53269203121991431
1201.810334856606049786
1203.137350861425479453
1203.855247594097002027
1204.985492171466410716
1206.870499793853068292
1208.471459949531031463
1208.989484167939025677
1209.898030087545955753
1211.41611589279812306
1212.113153066319792624
1213.598372680368218485
1215.38997506504563427
1216.183722033467416724
1217.17448249773891904
1219.050028177406163509
1219.61447131085848431
1220.816347690978131431
1221.692242483143733212
1222.952484095108358243
1225.018330024168539197
1225.855020760795715397
1227.231827641490931924
1227.917141614400044406
1228.793154362981171769
1230.58460315424927572
1231.562273877645398165
1232.529587040597895551
1234.277816653431788049
1235.502548526520997319
1236.399017465778995865
1237.977298513581145513
1238.457232795661807116
1239.490807146795754278
1240.813471785216266892
1243.078076398021118882
1243.53814652611425998
1244.851433966983858565
1245.655866188147822479
1247.372561969855643916
1248.063061053208198685
1249.159887953002983341
1250.672397275678117155
1251.65983200427122118
1253.673577852107102018
1254.431328421773449369
1255.408230645290734638
1256.181214198460866068
1257.541219412644114427
1258.779233488595053191
1260.344548316185519868
1261.611717161479839904
1262.556614000356224343
1263.67673284386179333
1264.957223006999789288
1266.179037760562062243
1267.20034561184548922
1267.570571779440223459
1270.118921886492603925
1271.1342996316099914
1272.083959599332897423
1273.261144633455752814
1274.196220889480358828
1275.092030315840457782
1276.842171555569794686
1277.763091986346820921
1279.332843316708251394
1280.155794409022930467
1281.828726959699933929
1283.000491386699676608
1283.3350321388792806
1284.85479515462165784
1285.695023331138592775
1287.410026617075316132
1289.165351532773061481
1290.10477151980733789
1290.417708073042503663
1291.9458709680831984
1293.493981557417445062
1294.118474377848352386
1295.365363505358250255
1296.801110992347291502
1298.256527067889529432
1299.405171250743978398
1300.490018982447638393
1301.495516680575058356
1302.346742379246917921
1303.273200228794143469
1305.401672188004384663
1306.508393312968836972
1307.267242107802427098
1308.988196517643387242
1309.421532493255966674
1311.056570511111896664
1311.966940608049354869
1313.031599369019664552
1314.052565651726166193
1316.21211260285404978
1317.072986034829955001
1318.171279132165052549
1318.947880596566338336
1319.931082877536473052
1321.628138551912418057
1322.258067123391157945
1324.224978718844330913
1325.237624358982335353
1325.981969630446281223
1327.63528110845744964
1329.04351799651860124
1329.205018785483634848
1330.429937120459263183
1331.827591385285217524
1333.673522610284933271
1334.74732905168977653
1335.694974526002066589
1336.690184653385871054
1337.688791809669949603
1338.923164598670349829
1340.42640045730017579
1341.166272252926387072
1342.608507883776861328
1344.156044003595790998
1345.477106261398714427
1345.731413255418407759
1347.519471750899911107
1348.017238018736410092
1349.085194014047657981
1351.29620637409671801
1352.210465159175538379
1353.483338358264576554
1353.886781971696227684
1355.680595320636491887
1356.60565570980795392
1357.771742828579464072
1358.460160399159026437
1360.393144762191152312
1361.393074713639681699
1363.022328603280756839
1363.879190797134472438
1364.576584896753972641
1365.493733551295247265
1367.10409097000823088
1368.330193307985894895
1369.686949077342916601
1370.973522767783644046
1371.686553552827391129
1373.202914562373382103
1374.154798658640645627
1375.302392344748902155
1376.161779993619352039
1377.177633642104626322
1379.683283028612926386
1380.148578441692403064
1381.073977149205634871
1382.345662978473679888
1383.297591007946474903
1384.444415847760082973
1385.663777011192686439
1387.326647663489530606
1387.921454127112797023
1389.565831798393937195
1390.705490286427665122
1391.853200443269755385
1392.644027788548648256
1393.433401740793665026
1394.884184675680354479
1396.54416312368250177
1397.834623321387224279
1398.837675201385865234
1399.839472941206481467
1400.426946297394298261
1402.564347250065993817
1402.97374764091920805
1404.006292170522757129
1405.666975059246875092
1407.085142776436486841
1408.136307496189550755
1409.32068107983895725
1410.024810725802225833
1411.25705681570662386
1411.965653461773004284
1413.843148788568852999
1415.585784795495351209
1415.781581303282910083
1417.102822933822614756
1418.696963852452165675
1419.422480945995686466
1420.416526323751136034
1421.850567187048653911
1422.461310987507366496
1424.463045669579022247
1425.873469244996591079
1426.64597968212003938
1427.365671109426682029
1428.592305875978768706
1429.650477276191545765
1431.218313672751658422
1432.049740893313600727
1433.821940737065160513
1434.584942168260123966
1435.692907383419277384
1437.226721623801248684
1438.006284841722401518
1438.949552746882798976
1439.622793078163983974
1441.960987504861836181
1442.911059580896858868
1444.041930706366562243
1445.072278459201045744
1445.830084779710020783
1447.226227099975794392
1448.323853515725453518
1449.488771280731257903
1450.77356185829733009
1451.835297999393383264
1453.737596757102226255
1454.226011260226279618
1455.312091239819668355
1456.167797608387255558
1457.53900166841123044
1458.393777368687248897
1460.688270535419103886
1461.24544334515995593
1462.266123265787259538
1463.286891190427541263
1464.696903297876409962
1465.889557614085268159
1466.505621107887723369
1467.703989586071013402
1469.347649878269645799
1470.9665891271649672
1471.388764527106594516
1473.020132324185711144
1473.745649185746533474
1474.203221565698878786
1476.092127038240920703
1477.435191147500117405
1478.441395973412948585
1479.759918706490077675
1480.76687901798225768
1481.964684209802309576
1483.03295995807148065
1484.143580881755407775
1484.817883231203726577
1486.171349027557139928
1488.116337976228270527
1489.252466946430123072
1489.970892204678885759
1490.670693814603265611
1492.180090544016411449
1493.330835421270217761
1494.155368613688803743
1495.76883297894173164
1497.065505571710063708
1497.747360933121155703
1499.640824746619819727
1500.351951516603164877
1501.119324922131586755
1502.346063292399062925
1503.090933126680493369
1505.261529654671910927
1506.152986138113179315
1507.40750516383032228
1508.253031029542275305
1509.28041936322324329
1510.391797446473538038
1511.923005459002111188
1512.589764705458127803
1513.589765539918677587
1515.708343586873929897
1516.435989718758455005
1517.719806254130186785
1518.41479148725369107
1519.741009493906820863
1520.27362222035615427
1521.901909065460911395
1523.486047149258880137
1524.72489216062218699
1525.227837233791800071
1526.552311910387456833
1528.04093042929757216
1529.034456728701310628
1529.369975365194524166
1531.020742970222322576
1532.222326939392069529
1533.886977913201592097
1535.042277471206664585
1535.769502395248204328
1536.620701824029871898
1537.651062167944922465
1539.302854855583229428
1540.030270139506368974
1541.742248762789003494
1542.496522922766279605
1544.118670054520289895
1544.83460822751948011
1546.091197786313297886
1547.297581121406901368
1547.806563801857567812
1548.871348178725372884
1551.273845326404526568
1552.006872837670069397
1552.73610532980385513
1554.156519109657777789
1554.921285164991869749
1556.162987497552752346
1557.394507017690490988
1558.339152852351962786
1559.781154390710235255
1560.87647577780945214
1562.410153180194439681
1563.385400958495537268
1564.177940460431674821
1564.91578826226013593
1566.266415601551516737
1567.623450717218105457
1569.022477804374074529
1570.50927786692083775
1571.045381485538185057
1571.845352088045338365
1573.806563330271403835
1574.230915429863777755
1575.638154952016551704
1576.161352363424377561
1578.118826945782786075
1579.514055067740677248
1580.372081625471549375
1581.363551773001820393
1582.329486944147176257
1583.394693435421748433
1584.234848066376210518
1586.293210750337776066
1587.004342107041149829
1588.163404028904790148
1589.357945949557727776
1590.835904321394104771
1591.293884373572356231
1592.637167039234918473
1593.584808188861926335
1594.442689655690523962
1596.484492409654675247
1597.715895944423128646
1598.420798549670449746
1599.619348950462806911
1600.048044903407311118
1601.911946228582195319
1602.815404793726602518
1603.655202996124079668
1605.521646646623348704
1606.293418126574223499
1607.556905211982879541
1608.836295305010015548
1610.00326419003794431
1610.253823162574488808
1611.437141269554780419
1613.078855451027423514
1614.71062785216149174
1615.57460871897200876
1616.398394841583644177
1617.734684840985208561
1618.537517831977547528
1619.952501261128849053
1620.774310821388562419
1622.098751698022960735
1622.977767699475580047
1625.02185665796278985
1625.987020163621172242
1626.39991931163555192
1627.755441276315744955
1628.715316856763230192
1629.658668954947761463
1631.194814551515752983
1632.798183570708816966
1633.512516889737263158
1634.516822662067080706
1635.718366326213799526
1637.089190173370945876
1637.994643586012752332
1638.599658304213882696
1639.821235729830195521
1641.899819008504577039
1642.489779822378073057
1644.152065959737679197
1644.713745774667882876
1645.573760362766078582
1646.624866593178890766
1648.270598222531697808
1649.118535409240123292
1650.41698898304838115
1651.732693341395981037
1652.671065899601207082
1654.205896759371166943
1654.726652393321786382
1655.822775676771767318
1657.114236399763082354
1657.567101179321441113
1660.019980337998945424
1660.860056833300810301
1661.836892884096688305
1662.377202549280083467
1664.057265418110030617
1664.968004486365083807
1665.877640414486212331
1667.241125051711277139
1668.368229327401862652
1669.66972845239920915
1671.047182433303181979
1671.984259333726273942
1672.963370830781056598
1673.687445333905250511
1674.648462097009754796
1676.362486323950475217
1677.691227141526503619
1678.630368091063650393
1680.07794671680949444
1680.504770112847052081
1681.812320174266013361
1683.27328926066677047
1684.171656837064291579
1684.558863252537241861
1686.421121947838197593
1688.080142693176588437
1688.933868509784624057
1689.703154256179788866
1691.051559916893075945
1691.515192892035152299
1693.053020930197146867
1694.017564652607856867
1695.832554474187265513
1696.654997439785656349
1697.342514286564009349
1699.229547187643018793
1699.966817266863858564
1700.820303245006238733
1701.825550997047417234
1702.923249764490519399
1704.291412426679760281
1706.256032431560377055
1706.61566503502601247
1707.912312493324514939
1708.512116178403088251
1709.780842298580484923
1711.137603258592841273
1712.155397654322368843
1713.055341727513109629
1714.717145255494530381
1715.825283039820567836
1716.769983717394902744
1717.974485066158528153
1718.954152498583751996
1719.72446932183103511
1720.49807094758653181
1722.844661739915648826
1723.532822631259873601
1724.733958737658224912
1725.638628019973830653
1726.605700739885404463
1728.166506760965425041
1728.644486480371988397
1730.023872544779144423
1731.014193761857181783
1732.430169859256836542
1733.840825021430013404
1735.17546602110109834
1735.624715342870632328
1736.305662733237988887
1737.893884786928548284
1738.783237588816054261
1740.169115680140548587
1741.779167808727257289
1742.467680720782010199
1743.426436858721626522
1744.721511937699789777
1746.097498595632694981
1746.595456627128205572
1747.781695527752417748
1748.563987381080216828
1750.822818489839100497
1751.617794946251114837
1752.511511140665935993
1753.661355243139538152
1754.763369874252878074
1755.169694068142685183
1757.046518460723108433
1757.984077032818179991
1759.240085646681894957
1760.215166242762324185
1761.85489993872807038
1762.497688870660621631
1763.719121496287047264
1764.591476849091958355
1765.400493991783835728
1766.676243599477873545
1768.295971136341381199
1769.940952051635838334
1770.243677312197348193
1771.212944983546526726
1772.328000363591359308
1773.894915510703461812
1774.660430990023590108
1775.341987573747291027
1777.255860224057987063
1778.041734762249298117
1779.552270809178961607
1780.665228492998657233
1781.355637722819562972
1782.439067320020181452
1783.084829519946484711
1784.607946396612664869
1786.342201179342528821
1787.04927308681626639
1788.215123479632823248
1789.242179963684720141
1790.449562369783540466
1791.254409818795450149
1792.616102735198182736
1793.525390652409514822
1794.178482007255591199
1796.465140537430813751
1797.376335671136769856
1798.147067458075746927
1799.2316472097374004
1800.024724019739154568
1801.309636945287992131
1802.301283491450569859
1803.796843813365957725
1804.904160974812015448
1806.289667019497781635
1806.578391750963925581
1808.714431865474890357
1809.119273788287333096
1810.108892987985804547
1810.873719158854715653
1812.420077002105519027
1814.024140347615513424
1814.973082363495849026
1816.338611219674637288
1816.758023365350853184
1817.710608563342472648
1819.260334099488250564
1820.187882186811219184
1821.30570836520390906
1822.427671440302586929
1823.766265895773287956
1825.213676893013383354
1825.915683614928409365
1826.795455271492655558
1828.211270499973141934
1828.621091758031140728
1829.832529709939702046
1831.936379901815210814
1832.984940243731554248
1833.273239032730321521
1834.721559748608499026
1835.883754437692548567
1836.827672515957489641
1838.086943305644553436
1838.640288707650741071
1840.195563473357363107
1841.478582570643394257
1842.875955278667221446
1843.771057743069120457
1844.759043650095888927
1845.417534146424529185
1846.353253420516416602
1848.330980622383731433
1848.722760910890866404
1850.60118404765146366
1851.400361994589779204
1852.342204733386277236
1853.519342920989503778
1854.85563211598672777
1855.592934937055467318
1856.389179153523854468
1857.49807481488018603
1859.495271568794459978
1860.541388109336813481
1861.379671547232853463
1862.121464928944214882
1863.425464845096486007
1864.353981335746251376
1865.367433794057890106
1866.83654701860819134
1868.085190998609224366
1868.70674568440811752
1870.421471768310790152
1871.416043098407145326
1872.441566428192717589
1872.86566763796768001
1874.508361412660135338
1874.913774010039541469
1877.095064167339774612
1878.022251482753471099
1879.153303090461328572
1880.082325418994379763
1880.611766479656867414
1882.321974797384684058
1883.408724269518366031
1884.005778349667142357
1885.198075130258122876
1887.053894806890124232
1887.808841416832129527
1888.938182636579455
1890.348128614244545597
1890.612128587933260931
1891.678510539728787851
1892.867701335791115341
1894.558537572429687187
1895.697155653584563297
1896.585494347168901175
1897.513692859711974094
1898.82937281867948211
1900.006144829143996611
1900.571884272414833832
1901.891305750600065081
1902.805059206680062983
1904.089325323351742089
1906.102756198181956502
1906.597678003766215394
1907.332780123909926346
1908.43306304505175223
1909.465930025982380254
1910.733659615891596478
1911.704690943172158628
1913.182489775883076814
1914.352300051674052677
1915.054629333347218571
1916.60637183951935379
1917.344704041566345523
1918.786498909856788987
1919.207778397805238264
1919.937457371217203897
1922.101625621993703442
1923.280837936417442058
1924.05583110144084952
1925.231987975406529412
1926.211583079894078458
1926.820092794871576745
1928.417518549519447859
1929.487560180576489987
1930.258387180387325797
1931.760069436524614011
1932.875754549946917779
1934.416436369151903416
1934.90794343436569751
1935.924848803745694845
1936.873093814278902387
1937.96863349801995772
1939.050029150544125717
1940.977326705859935993
1941.822862215780232951
1942.633568692246150915
1943.367947449252749107
1945.153796306367959584
1945.922716949483327186
1946.609945361877410311
1947.91704773770360408
1949.030030073606550737
1950.743201552863158598
1951.536695873054910398
1952.850129211865753276
1953.448556325135770053
1954.41858817521411679
1955.315809283718388686
1956.848164578215508555
1958.314403555120358565
1958.851883463194813846
1960.418845269381796765
1961.359277880014379508
1962.233571848579798073
1963.621184573202069079
1964.35739093809559721
1965.37782950510385703
1966.117658574074526474
1968.471602019420441853
1969.047617546527828615
1970.305009517033761407
1970.855547579945944309
1971.97031280481138664
1973.182663405938679692
1974.347201910120085259
1975.080610302266993556
1977.173943698039879018
1977.271446199746510742
1978.801448167731529632
1980.371772287051336927
1980.910043091024233255
1981.74876889726348374
1982.663279195276514024
1983.923804622260659671
1985.416540174526740222
1986.757107716415197971
1987.873473360724317379
1988.251876807355766021
1989.702002708021618926
1990.478352526426991647
1992.001706393527902715
1992.784987875157572782
1993.577493138259984639
1995.168739611888537748
1996.796176966188206905
1997.390914059611449312
1998.279006925984822422
1999.545764176267588904
2000.434515302432246777
2000.929620689184555144
2002.896408374361740688
2004.139669233270134959
2005.077848124098759131
2005.900934885785710899
2007.125180170301125895
2008.418240330262271679
2009.176634122949589834
2010.153324767559326408
2011.020705073650057571
2012.538935477421745332
2013.872097713990826265
2015.18672860870628291
2016.029638032375393523
2016.800075655845732538
2017.386767251961558011
2019.264600216064099761
2019.884367139755293054
2021.196042768892788024
2022.54561768468826603
2023.572911777100747848
2024.488262157951250297
2025.87890620248156099
2026.738258912152097654
2027.573317055997542412
2028.582459354039951632
2029.385479550966647379
2031.750550690618736964
2032.420780856286430225
2033.01789274566981581
2034.554828788956165087
2035.077440096304077976
2036.527526483370326717
2037.217111094340891563
2038.841738250867750156
2039.44321874010445185
2040.839119673138223888
2042.344586250604208898
2043.217116563323964479
2044.121593291667495425
2045.037320859814820925
2045.802760431561935428
2047.098336345607132275
2048.454094066161112393
2049.847525605716069264
2050.906055384684548381
2051.718388196256319162
2052.407790192401017867
2054.059916898485734258
2055.180267326166661283
2055.572602899048872179
2056.62086668989377929
2058.450651118906136128
2059.448021743771458967
2060.868247208107968376
2061.367059202031889721
2062.572650919978394092
2063.283559498380763149
2064.304867699634148083
2065.832672281911464708
2066.985229377985287351
2068.345638527370094716
2068.669941082812694162
2070.504717593445975155
2071.37708316975859645
2071.9904548147607871
2073.397603715768406627
2074.171064902152487264
2075.028065544832156633
2077.117570136877207022
2078.155484639214284076
2078.939288114876902369
2079.567628461893227357
2080.910343457561287922
2081.799686563577146136
2083.300276858827975711
2083.779992550167397584
2085.389813692285986676
2086.580318534381421522
2087.473340987858016348
2088.712281198732581189
2090.036206757016941574
2090.447550027415866938
2091.221580661131263637
2092.473218110071891742
2094.335917468631955155
2095.138256660294823669
2096.346529979252588529
2097.371606357192894539
2097.951922199887039635
2099.311651265061347464
2100.593745236861240664
2101.135489459108414918
2102.535100215297700958
2103.390454808714039349
2105.372206591799897773
2105.994704339286241677
2107.17236243244334147
2107.617911407514327794
2108.938384889015335598
2109.963143181267582022
2110.822371848131822017
2112.907087523190777714
2113.483966448430801285
2114.396137325889992386
2115.506602794684114454
2116.900056068394727574
2117.722399441362978079
2118.618646217029262713
2119.456428468939276684
2120.691562591843950543
2122.465151174928362416
2123.344042303462499325
2124.3703687375688782
2125.512400029151939222
2125.958784840373305395
2126.975711192557988963
2128.752290554262836645
2129.406080228328442998
2130.555102283235916685
2132.080620992942643171
2132.798516467884154645
2134.154933985037924172
2134.950772504315672129
2136.086897524703213712
2136.967470548471870359
2137.509940525910913576
2139.380759985201107577
2140.949362639097040588
2141.710035960389950355
2142.355043196035385268
2143.374444180537885595
2144.895337431360428693
2145.50575373418082404
2146.625894475511517827
2147.785367345630833855
2149.151849382889221886
2149.910639858102119005
2151.776885116465025948
2152.390226596919655112
2153.011964165386528639
2154.263623952320336029
2154.935345848225473123
2156.394727255681689229
2157.856489565353127032
2158.878072291083204488
2159.902286017170492481
2160.853062328184191261
2161.692172189209531651
2163.107122285732380343
2164.049720356357350274
2165.011437174314295775
2165.503949023375744211
2167.693444254746848034
2168.890615851853982383
2169.263829283364955072
2170.787074973015736612
2171.396361926494691626
2172.250962827516326407
2173.528296969316612154
2174.745020803476645527
2176.204119466215638373
2176.939451698977405984
2178.004209154761124387
2179.232185029747187484
2180.495318259278780744
2181.252367010681768361
2181.725783029819561813
2183.330584017279937627
2184.103190760680534925
2185.965528320683109004
2187.085690959372521089
2187.798455877827899041
2188.558763203088543232
2189.497072902605391629
2191.09336304574927565
2191.778017400507988689
2192.826770539861208747
2194.231530050449700562
2195.231687681255784974
2196.715977666758543541
2197.258747040205904491
2198.687512684367522334
2199.30296532096958361
2200.351020913263048427
2200.915953025551824505
2203.277453730646011342
2203.906364583773548147
2204.997801754830107949
2205.855761245543920529
2207.172161914952220289
2207.802741336736954731
2209.153744400263258074
2210.208014989250364449
2210.850941099296166739
2212.34356840003640435
2213.700256248436090459
2214.949925632092495773
2215.820565690645555033
2216.296375887645193429
2217.469375116225193433
2218.521006913395296269
2219.79981569836106179
2220.852158848914182608
2222.636604588097467857
2223.055057918810407973
2223.777772507214529979
2225.564645117169426005
2226.332734405575587133
2227.246229376595376532
2227.97057388225630938
2229.127958910123303939
2230.898690856217248629
2231.977154074073314006
2232.924853868966181778
2233.720222250312906191
2234.814934531326900014
2235.546662135600063189
2236.773643845099835781
2238.154799519297615397
2239.167743960236659464
2240.021209470471096399
2241.536186523766402052
2242.621180159379481081
2243.373668418961998536
2244.370701700430338609
2245.565286531271342235
2246.016558178285626968
2247.364431251229392022
2249.550198573537092658
2249.770766552723961276
2251.046641941553166316
2251.845318338693399358
2252.678432673838856581
2254.562246994389553108
2254.759079001303995297
2255.824565571536941238
2257.346384683132800661
2258.501847291145838169
2259.517842057384273983
2260.890259416800265121
2261.660064449481099011
2262.674430648209799539
2262.87830538116111223
2264.676399705770246638
2265.768446115469447789
2267.384501067544035832
2267.879175337166069874
2269.226998261609550659
2269.919103216838346848
2271.326282468066381371
2272.04901570123765846
2273.347534053164474275
2273.956289145943056056
2275.06866477597133351
2277.079317756623523063
2278.012628393305380981
2278.525942155784191747
2279.507305841119493755
2280.87071985258620926
2281.35648361454629359
2282.690375137647892349
2284.056011459351377862
2285.222242364866503875
2286.149814140564054169
2287.046158671010604166
2288.57884944576462637
2289.336284710134150107
2290.24145821085573125
2291.097663612112011933
2291.92890125249055718
2293.896145106086756681
2294.68791841171431144
2296.115091188330346115
2296.998522472515126634
2297.372647579809593949
2298.612363365660205667
2299.961577620089686755
2301.234125798830902958
2301.454840351728464479
2303.295481982573223045
2304.305138670374533597
2305.508356788681968575
2306.517733070003535106
2307.355553370478083134
2308.210284634764679013
2309.370358239529117023
2309.931122384183622925
2312.047996449610743573
2313.190914170747899328
2313.689359967223960408
2314.621182113594161877
2316.049454719988829155
2316.962494504840772512
2317.851531864277040303
2318.82603533643014836
2320.088523204027257646
2320.949531628659605165
2322.812632606693334257
2323.534274240766059715
2324.512455232258388955
2325.557096491765453918
2325.903015927513107748
2327.376855819699561061
2328.634875101168609268
2329.705723406449555691
2331.013110289572893027
2331.942707806402767834
2332.987765432775017684
2333.720863373782282748
2335.531712574450956362
2335.867153805649781364
2336.62103678623872134
2337.761730158820696863
2339.615683895982620197
2340.826726706644481425
2341.324596186215486662
2342.654041658469263809
2343.259158955008860153
2344.311216236151757825
2345.570483634473816646
2346.464119529787811114
2347.934254641723674406
2348.843423633455680125
2349.730054257837876706
2351.455046927851231855
2352.19570150253646459
2352.750870075454590985
2353.912135852353059298
2354.951081235008184082
2355.810813978290615356
2357.608315920247485789
2358.904705198415579
2359.434859076439866835
2360.314285089526338652
2361.342541641932631563
2362.718317922921381033
2363.495617654118633868
2364.751176089117010111
2365.191515064131916565
2367.249219842959468478
2367.957701823155859105
2369.220577767399032026
2370.093390284232169389
2371.10074792972167349
2371.938137794610108151
2372.44034726005584374
2374.444230717816650289
2375.5439670373722489
2376.355463515560189748
2377.755407914012799016
2378.212961679662157316
2379.726502949965822242
2380.545657218736259307
2381.500123710437529731
2382.530830566366402182
2383.35601391598086947
2384.965071641182469726
2386.43093710950389029
2387.299084122336514758
2387.813568556078037287
2388.748207635493176416
2389.955988113666157005
2391.260549872403399479
2391.754982336622772778
2393.630593291699855332
2394.485367856046494016
2395.270169994647092172
2396.603878762616071582
2397.791643761773763503
2398.558311382532671158
2399.433832905785270122
2400.152356522131457195
2401.482998375771780651
2403.418798445345203892
2403.975315148967507494
2404.921593489769997569
2406.253988718289485261
2406.732851182109508444
2407.715910422269907279
2409.441502352419540345
2409.881602682879588254
2411.126193380777421369
2412.222935837284041671
2413.976123194983408606
2414.379879801270495871
2415.576893465994105812
2416.5340546277039393
2417.278087421772193109
2418.22944326735738746
2419.507917163071245463
2421.142943993328178887
2422.152084925109508781
2422.996230123486907861
2423.504146888716139414
2425.124760212556724475
2426.193437541668300474
2426.907064293753645128
2427.640896948592982256
2429.185595990256922491
2430.265812635944403069
2431.611135096253930384
2432.727569299254756631
2433.705896804703808934
2433.916873237684183016
2435.348894364694559702
2436.191600375091036395
2437.794076107826049842
2438.671790794044180201
2439.927127218672276059
2440.826160290635254748
2441.929836549998409528
2443.033560058185132332
2443.775436396199729327
2445.154381015220419422
2445.744952101154900371
2446.398523306110247606
2448.988312286035105355
2449.231032009292533393
2450.503650580108119103
2451.181708310084449221
2452.283365741213890626
2453.257485812084044868
2454.300561841789923493
2455.482288383525923953
2456.514551841288553331
2457.907999090218544684
2458.546799837128013408
2460.013579465506191498
2461.202295374506200046
2461.731628648041392697
2462.464294913853763629
2463.569667295016347844
2464.92781636122340856
2466.183097013192723406
2467.640860783779024698
2468.186816301115243238
2469.33626389249748923
2469.781485031524024309
2471.539297741996716949
2472.336417589482271067
2473.107124734645042195
2474.237849734393679511
2475.53935386100276677
2477.021755096104594157
2478.014854024809405242
2478.39759758312502044
2479.977351980870754122
2480.433606985092072928
2481.356767280358944597
2482.683411518715999232
2484.503238274744643366
2485.087590537419866511
2485.785620712392752241
2487.333836442726022067
2488.11383175419305438
2489.261157451637116743
2490.051090515746789809
2491.105516421820704818
2491.907473934292842645
2493.489295449123217228
2494.866177828255220973
2495.846840419501642755
2496.485336702823268246
2497.64846524660193455
2497.969973966752262397
2499.862042821255065686
2500.564386412317449341
2501.577744672433539464
2503.185227212086801643
2504.008933658583641176
2504.772152511212027926
2506.305351937307695662
2507.151885647675589172
2507.871039579743361975
2508.766046103826622409
2509.652997441379421694
2511.660189787186683655
2512.538220985202544809
2513.579517021464854595
2514.259859059773677907
2515.286482924712880038
2516.571049142887485994
2517.146931880415356863
2518.552852040690821002
2519.634252640271893334
2520.402323518036163974
2521.885175646151005363
2523.263480155872146143
2523.96705581919052948
2524.642045795694521479
2525.687993324800683257
2526.868810058592998244
2527.418791160628952562
2529.378043463275119619
2530.273672274268411278
2531.543961220064837411
2531.969384081561968547
2533.067317099047443933
2534.408614098394202583
2535.505886073966032072
2536.091884920838980799
2536.867485222561254438
2538.559826936261153399
2539.998407118591166469
2540.531661936742228602
2541.998729153671039537
2542.687650514868867082
2543.343955088606650134
2544.290953656615606111
2545.878017730333159662
2546.761141283358773561
2548.181615394108557459
2548.895987575046567008
2549.99648449152252039
2551.411141992885037897
2551.88044595959906088
2553.275677995524692639
2553.723069201209180249
2555.050875291359249169
2555.832350747303403084
2558.009105942871789164
2558.752211368471367338
2559.23429659733397247
2560.263289514388720621
2561.405635747573315479
2562.426113338143232051
2563.501718903992988724
2564.332107854333490398
2565.975270478283844204
2566.55755789708502249
2567.958599725328829408
2569.043090173352779936
2569.94811159690457986
2570.958525661919221861
2571.540774147768717504
2572.368208186207413775
2574.207163950022860407
2575.404511996903622548
2576.141011184026154511
2577.519835532602344693
2578.070129925005555047
2578.971298335895942475
2580.34611156520070659
2581.398140581892706632
2582.138733931301889983
2583.003294535099838204
2584.758402441678541604
2585.772739404011499257
2586.925178957182227989
2587.591000924191165002
2588.368210423880449433
2589.579264554434006855
2590.371692925951522367
2591.549378447984791503
2593.275876806604425384
2594.023618334686682569
2594.905011552479901447
2595.68753013885960393
2597.54614148845956493
2597.979353418423115901
2598.598768319633465984
2600.121355061881931093
2600.641952319219978878
2602.412300558055130095
2603.628781118453252976
2604.57356482371866418
2605.368075915559231351
2606.243664547518941377
2607.003639114239009674
2608.364899649035512772
2609.552086740677385063
2610.444520938915516023
2611.543670381422939579
2612.956807036694044383
2613.731929438305032824
2614.737136165400840808
2615.847707268249514184
2616.902118243953797344
2617.33504693490111427
2618.292915478022285942
2620.279393694424618792
2621.429055213229240863
2622.048696798421354766
2622.99450797630203127
2624.050603854559431086
2624.909501777169639509
2626.460502229944339882
2626.710471395806398952
2628.098026523871191257
2629.604139510848587789
2629.994800764219984819
2632.043116637112728952
2632.443658949145354917
2633.676399939781127792
2633.96654343412126289
2635.217331617179852718
2636.432585995081861697
2637.510683358462605418
2639.062573045389558915
2640.054245884027257588
2640.462942828951323466
2641.801744784108548797
2642.755759063043897444
2643.9709009583452262
2644.887867143491581856
2645.395567278572929225
2646.689940172724319474
2648.577429283763884871
2649.325653551798772117
2650.058544458382326109
2651.227331332121326204
2652.160775241539956054
2652.770642826959688585
2653.897069745640438272
2655.615772325961841384
2656.238998498017256462
2657.537760758300554229
2658.341557629756967528
2659.658316020859616587
2660.610245802953114572
2661.582573758213880691
2662.183573435627615495
2663.393945622339627644
2664.23548908324405939
2666.030101479453968649
2666.982849070546235932
2668.291859037208910134
2668.663651401292818538
2669.25374488818001451
2670.998998582165212288
2671.918382668910966566
2672.603779588146692067
2673.874618711104655776
2675.271759129636525749
2676.066490230100449605
2677.246193893199507581
2678.538156521631728665
2679.025281596284473372
2680.03902154823846099
2680.84311713292361572
2681.841051456082719193
2683.882275551469900195
2684.529156904497649412
2685.377113426632244066
2686.496160151160446749
2687.489939808026632666
2688.385081595554101259
2689.423275981138127722
2690.633186856025274613
2691.318382839997113769
2692.368718958509914195
2694.102820613441968379
2695.208957968971278539
2695.750049240104830878
2696.695372581611462225
2697.85755821675930473
2698.290961321395782495
2699.942027500086358855
2700.731207011070332511
2702.433544847737332717
2703.143657511188948437
2703.981714244772448908
2704.955737551334258641
2706.528247326756669128
2707.090764646388879971
2708.117069229272968488
2708.476524960683297979
2710.368359823606167294
2711.458227864114997837
2712.786687334756395278
2713.525289303347907309
2714.36790668851861885
2715.339871631409058099
2716.025049049534497997
2717.665774871052640547
2718.308652474352483038
2719.770998978129882009
2720.493474900152773744
2721.798775616647991582
2723.086082744475843492
2723.768928849822694372
2724.523924437069703433
2725.882989203482000824
2726.479701033963230793
2727.274459431901557803
2729.395041668594912118
2730.492891807172182729
2730.797702080186746568
2732.004049913595246799
2732.830123557482104624
2734.200782967822427627
2734.938856084208801316
2736.000479107039897569
2736.922048440000585822
2738.26644416376503229
2739.513547296201548952
2740.311109421231381416
2741.878852420557722857
2742.254107878248024691
2742.993068159927390246
2743.953469810087824499
2745.321831898192903945
2746.714798952398406871
2747.514097998184117739
2748.916191066436435815
2749.643649788653236288
2750.314083410359824536
2751.823671458527382104
2752.715502493883261036
2753.487796417396150789
2754.458663082718398076
2755.416876191485966856
2757.301868214300791892
2758.278103328339002246
2758.858670968685004358
2759.898613919658389158
2760.657151540111706149
2762.082880142575299999
2762.444580467694463149
2764.041846252089083052
2765.407691146482925771
2766.157035589919061984
2766.887269747368007124
2768.664523888139108087
2769.144698796099990228
2770.279093643343192132
2771.017392142684773197
2771.896293661727721094
2773.029713424294844601
2774.670010731832631334
2775.725707342410327913
2776.619160307926356189
2777.512125202576134575
2778.289695299772775651
2779.127539134050768659
2780.771118379071538601
2781.656070227571440778
2781.989239654647903962
2783.943665286859110918
2784.705283876121840164
2786.04333573862275772
2786.702566351368773988
2787.932021258523774839
2788.796278014511074339
2789.197561121050912556
2790.49308079103522604
2792.113378557022842226
2793.301469240871724337
2794.238093335275467697
2794.65382466532819842
2796.034761603657805199
2797.174539351897759422
2797.972901229628421461
2798.798140177045477205
2800.067444818401492783
2800.937603116234931013
2802.224801536331663011
2803.864955138344506909
2804.418935676251152209
2805.205300363064447173
2806.002732416640888838
2807.132318371189380279
2808.15350119799763361
2809.29165224519283747
2810.724634082518464087
2811.460992226052809725
2812.86199758802214861
2813.201488028300935979
2814.656757980595164773
2815.838653992747667445
2816.33795481532515673
2817.45890731741932617
2817.949462160966947215
2820.488842021916584974
2820.660841053781159955
2821.891930074870971273
2822.923026217023214858
2823.866992056607983968
2824.281884122039627948
2825.872656689750757997
2826.71217037492274603
2828.029973946250995071
2828.851526590522587987
2830.087545290016122224
2831.1284254371872585
2832.416550857943840752
2833.138035851670906207
2833.658717233308178245
2834.98024846251404713
2835.775847744530604762
2837.014472081293122753
2838.81288152927165103
2839.485753395012631467
2840.285754910691532813
2840.920672973103976131
2842.332641081100701383
2843.469837884564750983
2844.198986963261227135
2845.025433610480155637
2846.390776212726890003
2847.535935529730751967
2848.770308555407354208
2849.797086647209651712
2850.471888197435347028
2851.678938036254349094
2852.303726568369768935
2852.926214764694869254
2854.832394231931316229
2855.853721192900111358
2856.816133543913321205
2857.736139807822056767
2858.857860356251478371
2859.838748954184361582
2860.577436497612265941
2862.120208234396405383
2862.506966277762679318
2863.363589552191153972
2864.911426758851445613
2866.493209755929753472
2867.149356094087868216
2868.224163663090438521
2868.657629194218364434
2869.843456574863653169
2870.909506375380920702
2872.023511113548192304
2872.858555183438196862
2874.56915407284586469
2875.282119166366557732
2875.889914340386435726
2877.546649153796206289
2878.527002624179926694
2879.119907546978922106
2879.868973936907339029
2880.978994738386006889
2882.153646390636910795
2884.013657552839766672
2884.346757790142943405
2885.773055402722130329
2886.308874639772579859
2887.224885507060785204
2888.394382456172131482
2889.404168047578017266
2890.642626361553295547
2891.280078215455106494
2892.462624016639248094
2894.174448736821223259
2894.746550356225012201
2895.641103861971377406
2896.825405168247547358
2897.428300566969727456
2898.541353179907942087
2899.177779836548361096
2901.263850361997178505
2902.065102481250127796
2902.855785528508264196
2903.957879043037018592
2904.598196021987724124
2906.17641759662853929
2906.923339342985194484
2907.605736911210832135
2908.658045519742780669
2910.028233435046379666
2911.142903664580015671
2912.345904726055916473
2913.522785866686084032
2914.044611072102739648
2914.80270222386360972
2915.685975327455177689
2917.274173441487555352
2917.982416701912520164
2919.321772326527278135
2920.615555992141325267
2921.083198937259828576
2922.396084557395077442
2923.390932357376606245
2924.333434993952654049
2925.261509119313312552
2926.295436226225759123
2926.624014686465896988
2928.761073846998261472
2930.004366371979197589
2930.711168697389571506
2931.069101109814732085
2932.806414415832769005
2933.174857162008290084
2934.290717835787845932
2935.552463705747991326
2936.550374848601820241
2937.708958981568237874
2938.581220350578455151
2939.847529162593991236
2941.261601534687117369
2941.425217756342247031
2942.724885865147488695
2943.353684960178375485
2944.321648794483433337
2945.944499285887025994
2946.922394896188350751
2948.374261864690537505
2948.867577209394886742
2949.790143025785909072
2950.521108352418385063
2952.283829638947545679
2952.827176583511901031
2953.58903099375880812
2954.711275290933562728
2956.258730424157120003
2957.236259246842562202
2958.290776254197002721
2959.221014234687151865
2960.033617812008374302
2960.814839266220228731
2961.825970575348591466
2962.819636335281423816
2964.633921494808562758
2965.398341584290916853
2966.065269745648101403
2967.27019042649619841
2968.405348995407544713
2969.401136655698809674
2970.049930110913633646
2971.122238124934487754
2972.308884109068754753
2972.811686391357692493
2975.018020412780896123
2975.619957166153440291
2976.526232137094252541
2977.553574913470252556
2977.981978512600202759
2979.319042212011449011
2980.487381006559362305
2981.343947481810291632
2982.523719895924638062
2983.825333266519404156
2984.639177804446568973
2985.547666235421072151
2986.805393383297834852
2987.856151502432137455
2988.634699666938808341
2988.855046367445202541
2990.423270573698602405
2992.163668675063220175
2992.868866378301013829
2993.974353092848010376
2994.865507046753948242
2995.540266915501954267
2996.736506016221763597
2997.647203114442794778
2998.959301098028931731
2999.494492994594582969
3001.023331162879569093
3001.707332456021018184
3003.477042852710594847
3004.290975917310578015
3004.662308408249143093
3005.772929284508010638
3006.990738364633401843
3007.468699216470850556
3008.882120872393042159
3010.514962129244277443
3011.3443801805122309
3012.074694785866823961
3012.788450548678345344
3014.459082206681916192
3014.911666502729305189
3016.34839416997796187
3016.700060812629197002
3017.783440191593068822
3019.461775780365950075
3020.487633896939095245
3021.420400692511292958
3022.447483793125912478
3023.338509067940910825
3023.930996073902266232
3024.793963871217760711
3026.510826907845434071
3027.29952280734147223
3028.401522528630682095
3029.499388369681240646
3030.59452965098207044
3031.289217468061284918
3032.756029360224502942
3033.218123972953621517
3034.360907192326893516
3035.074103947537975814
3036.133113238208023316
3037.980383590468515742
3039.033651044210199537
3039.521601571572104094
3040.500427564659896173
3041.256803549500078238
3042.653049854131717951
3043.670541621770201214
3044.055127981914396199
3046.050030224876108193
3046.454504219288440378
3047.708817640889868782
3048.922632490404911869
3050.019676757212170145
3050.801233315720913694
3051.342383341480500386
3052.476848524261227364
3053.348265936952123185
3054.986520866536587891
3056.24292330973060116
3056.765138112965000588
3058.013703009701794146
3058.901494693164311768
3059.437861758112786045
3061.062700117590756049
3061.837584445267609551
3062.726873164640149675
3063.435086485018649025
3065.286555585297205549
3066.320250404096287594
3067.071320241176116647
3068.013501341795335307
3068.98426618552620089
3069.782904779767485328
3070.542621549808185444
3072.000993377915675917
3073.185237779942948673
3074.523494285210268113
3075.033872877410706843
3075.833479242464054914
3077.427473306812314211
3078.286226917969259012
3078.897379147135008229
3079.871394642813721631
3080.856382341972547498
3082.163163759071705939
3083.361357990431673945
3084.838451504293315594
3085.3772689936342131
3085.965522259310621677
3087.018815358645356167
3088.083437042039377791
3089.222308944517806296
3090.282194902934828373
3091.154469698493384814
3092.687667040026927097
3093.18544571752394754
3094.833068430116325158
3095.132031239453814405
3096.515485512936433287
3097.34260653099147639
3098.038354972964634166
3098.758089848813226278
3101.079373086579266202
3101.657370790144796557
3102.436089122718192538
3103.589916059588484008
3104.362546341633841029
3105.39140236985770278
3106.3963526460554756
3107.484255857023251197
3108.3035962662063306
3109.533099790356772032
3110.557200380325680212
3111.920727714090283125
3112.840737859373152902
3113.755213669486739333
3114.47341620357196233
3115.002672413544942605
3116.720450815901517869
3117.269723386899507206
3118.955013666124334567
3119.957556604338744136
3120.986214975677487579
3121.337219762925804002
3122.610128875347619264
3124.150225164329871717
3124.525922645768604265
3125.374441472110214656
3126.450116434820057247
3127.693012373442887604
3129.468612609748064153
3129.796205505420792432
3130.877663729773828277
3131.861090216301755056
3132.698331366237529557
3133.39888382298054909
3134.635445901257679548
3136.015560752041682108
3137.175172666931396204
3137.613495212022960485
3139.049508498465517195
3140.138494141052536645
3141.001174828240382252
3141.748032542883879408
3142.979456728038722337
3143.567499183578249705
3144.490488145513050689
3146.283528375944452146
3147.344606625530372575
3148.379041870468193506
3148.861228783806526542
3149.771738698990674432
3150.82465272236349983
3152.151059465736636027
3152.994559995643581199
3153.596976529534068961
3155.312108217669944971
3156.300357949570972092
3156.905761454446546379
3158.578287707936079911
3159.265204659911244661
3159.804097579086976713
3161.061912577755098002
3161.402435207892094348
3163.311959557827161058
3164.350531320929594838
3165.540597893829483148
3166.139586713599158183
3167.121094757281260107
3168.197515713895221077
3169.17976460785654647
3170.014131565626253552
3171.343958069062042806
3171.83777434606780522
3173.011633917278397093
3174.815385976386209966
3175.528722743695324337
3176.480343516462564476
3176.915636009212935539
3178.371705005000814342
3178.902595536046510146
3180.011213372893851883
3181.328501713206250828
3182.839446920271252892
3183.205673345926898206
3184.45149996033232315
3185.214344580111471047
3186.545869429537191385
3187.646162708372385642
3188.055482329445955801
3188.8774607149556296
3190.168661962152913634
3191.706256362774499918
3192.681791617886826657
3193.557208472454684075
3194.786707378558122383
3195.326699929210305035
3195.793895633893094623
3197.54716565659402925
3198.430125767817789744
3199.248977114246401055
3200.663270230745592276
3201.42486636119731255
3202.778286500735847541
3203.630891152625213608
3204.557410187842267701
3205.497580563342251884
3206.228893303829962014
3207.270062357430561031
3208.086133891918222199
3210.352420539766727083
3210.670388299201819086
3211.618832522934956565
3212.319227342931599791
3213.606498798172233732
3214.66756248809430924
3215.325298903735371241
3216.491524692370902474
3217.430804778290282172
3218.65998374402590019
3219.639171305585305037
3221.198341682969595145
3221.609476301097409404
3222.813840822902448192
3223.372566375255521105
3224.213706519638820465
3225.366715964933818897
3227.044102374515354444
3227.525149515495061181
3229.01631162995350973
3229.981066960499388877
3230.336636732169461221
3231.741347918256233973
3232.73871312480837813
3233.913360603034175726
3234.30659124491992481
3235.154617182366475813
3237.087579531708591929
3237.998236326712589205
3239.09043456268981245
3239.767314075239598016
3240.605747277956862199
3241.595312938038556595
3242.568307582365359198
3243.501652711279887199
3244.884157091134580116
3246.04015781623979772
3246.841676161959525694
3247.570503533836460579
3249.308085747434814591
3249.906446318444415967
3250.61332426740503519
3251.510637744017582969
3252.723990907270687158
3253.369017244108257992
3255.142076592548407878
3256.346612817957653999
3256.941943204737039133
3257.831340012825337978
3258.706714275455053401
3259.539730686039659248
3261.192124420504220717
3261.535312602183417692
3262.718968694528270682
3263.784940489126472482
3265.198771600650621898
3266.1537864199357954
3266.803954479647297578
3268.188517855567123844
3268.909408588716795153
3269.516785360248099213
3270.310803457827130573
3272.019397610781094887
3273.363032965270158222
3274.059953011724818136
3274.863567637972572132
3276.124154984922090626
3276.694554681215401363
3278.059478289038270403
3278.986193732023865914
3279.489509639634966606
3280.976418713721355349
3281.706690820621758868
3283.239124300114450887
3284.499863132438584931
3285.202828751691161488
3285.682259710460894108
3286.718540342294644164
3287.773091992666597976
3288.936972845327159589
3289.724306536176169076
3291.385725928433722911
3292.222642049285009899
3292.856716097554634972
3293.975869245585136093
3295.266663232727327626
3296.021754764672060303
3296.873142162695473489
3297.836842310599282398
3298.357878621563441294
3300.450576192250525004
3301.413776304367833886
3302.01709766560449051
3303.317261841697262717
3303.813719205759852145
3305.076177240834331712
3305.472088698530180209
3307.221711602476425917
3308.045402223318982749
3308.832877512969198408
3310.235706773842968521
3311.155306118272885011
3312.349459450510319124
3313.199876672725445138
3313.842662273157149997
3315.015013827979910054
3315.619742540924528602
3316.75245341771602559
3318.387470170170478675
3319.412648993159293997
3320.476699682049447245
3320.887941461201672134
3321.663572698610211016
3323.490923179791719478
3323.875124914086264401
3324.92568414598269533
3325.691627038381709126
3327.338441751472176751
3327.988269208170175297
3329.465583948409625626
3330.290400360130219844
3331.299404161488370422
3331.892288243776279001
3332.700898576001118556
3333.781382961371509303
3335.045996424475843016
3336.575968429255216962
3337.044211896701205874
3338.150407356324767412
3339.25667369461733051
3340.117152697458989077
3340.972263637847411333
3342.211554859256917301
3343.05172227833912769
3343.604908509592827998
3344.852255868193444556
3346.84843081656210135
3347.397830990955097521
3347.936001610755013304
3349.301027926845964516
3349.856252114765060398
3350.803704024568128834
3352.153804096605706355
3352.845364542639274646
3354.278231280389732734
3355.483680305992166158
3355.880578183322015092
3357.198154118336337409
3358.402699623420513391
3359.359283067236631378
3359.85240438129330052
3360.584153298317460106
3361.887588621121048413
3363.233878348850935833
3364.355763553862370287
3365.600957468561539406
3366.120883810753051484
3367.055542539618594379
3367.769443868219103987
3369.18372855480512724
3370.061651746535245904
3370.997536142718299904
3371.922445600540289316
3373.160140925225769804
3374.427471990046501169
3375.379955756309035728
3376.29838604419557579
3376.820970848442594658
3378.258956962645052041
3378.78060849486904703
3379.460192668086182019
3381.634647447098373955
3382.296714921602043373
3383.348489575834645347
3383.871212415101493176
3385.177310827910807711
3386.166295750419583666
3387.149564459346429834
3387.808777785404583278
3389.091880156599137302
3389.648879040879658962
3391.481233731884245223
3392.147572630774221933
3393.651785893134350472
3394.137666351393647832
3394.991106310709165728
3395.614850938400898705
3396.890066311007586694
3398.271677189199063867
3398.841197219905910067
3400.322476548554032915
3401.387450697162306481
3402.000441414939204719
3403.008864820184442927
3404.362761572869179338
3405.132918695120903243
3405.809942804822240945
3406.679482811959380379
3407.728314289522088749
3409.578736852470681076
3410.424565211906291603
3411.223633497277598977
3411.855830275976530826
3413.219036005346837024
3413.710819476650165121
3415.006415297804673981
3415.806623572889535666
3417.201725527572038894
3418.194842708853560074
3418.744246675150327037
3420.540582987327352575
3421.307537318235312434
3421.882420407670481969
3423.128594192328293959
3423.611394671273642938
3424.728989863384135984
3425.830917735939438316
3427.43181100569978399
3428.345014648755457328
3429.077161459129134002
3430.158809529325825517
3430.611618680173590072
3432.026366531868686504
3433.306331160306165798
3433.769710163679019757
3434.432930181269055513
3436.183607569709236904
3437.219161606905502378
3438.212616154324993945
3439.112430154170636996
3440.229299588557141385
3440.844025770543903457
3441.467977670071328835
3442.683392445439200521
3444.03657070173766263
3445.277432468729252247
3446.015386158297972476
3447.158925420623274971
3447.700517605005566454
3449.497002715466151505
3449.685001064480410114
3450.723487592525115797
3451.940669427532542599
3452.569816771665424608
3453.677893918423440326
3455.488799434788307256
3456.258614559289426051
3457.184172894584782544
3457.573598857840152204
3458.665410624784369258
3460.046064018949500233
3460.484230469053456705
3461.915971198493839079
3462.896732401836350478
3464.083832160314466916
3464.977695252427010404
3465.827155727127310977
3467.204403986263500585
3467.90947107821676554
3468.775551366812870431
3469.551913132633304156
3470.214108961448584665
3472.249018221316013766
3473.1687633951355902
3473.814882020019058071
3475.21910673275056737
3475.717792819430855617
3476.519931770807459761
3477.700190284672462246
3479.049830179214139446
3479.465965312698372925
3480.682915950611512287
3481.776396694321817095
3483.05785680138332483
3484.159388046233923287
3484.88458535289187569
3485.691497728213846605
3486.534339669457376094
3487.539477842766211766
3488.455776622254130102
3489.66512331627346985
3491.550561368235949775
3491.811099965335454305
3492.414435580418254575
3493.720613082722983626
3494.816408481537232133
3495.988931967582387075
3496.350361363768646777
3497.372960542280375834
3498.576136539013893061
3499.686553821129431656
3501.145919590462206623
3501.897095232891164487
3502.775867948572880733
3503.636215791510932615
3504.588927774941226318
3504.992627195049954816
3506.860778987002883813
3507.545273797332293112
3508.77250086695805495
3509.636408038272356329
3510.845083644571125639
3511.73109111282651868
3512.473586842893230449
3513.877573873796726162
3514.366752243940512151
3515.416808849641115846
3515.901814498895018016
3518.026445239400234023
3518.868409208556027116
3519.870186740230064824
3520.491665965545825866
3521.365040902682598884
3522.382212893841589859
3523.635835723508375724
3524.215220737581104589
3525.386566637036723925
3526.670256711327234795
3527.615207050999354376
3528.351824582806778596
3529.95574434595077118
3530.83504679771181544
3531.201023963526098798
3532.038508847499198517
3533.328243395819939702
3534.062588280169972606
3535.772576943416588436
3536.633250705505307203
3537.708013056178211577
3538.500568907352958726
3539.089936526597997396
3540.456758807154447478
3541.357522375370674696
3542.340883917586681126
3543.322306535336406728
3543.816796286908503062
3545.69921217131565205
3546.864134595260489505
3547.31478139648583678
3548.351252963577545928
3549.458356776357443813
3550.065059225519704829
3550.853298372029498401
3552.080209750381069016
3553.84068059702097098
3554.165034789487061627
3555.534145071897488094
3556.065234535611866864
3557.427102352920707685
3558.349345038406358629
3559.265664699892158721
3560.019248823558045714
3560.776183334352187103
3562.162435082827542794
3563.215121485676151024
3564.760770714007353844
3565.396422886999811356
3566.284910776263374698
3566.916683895457835277
3567.733251749069523471
3569.343132086432282351
3570.008671364950081203
3570.82291655461517091
3572.51396562794147449
3573.079804301269415462
3574.10001630894295843
3575.493155747453303678
3575.955379643794348697
3577.205283985632085688
3577.981184110552278139
3578.410382618929418994
3579.750102614597741639
3581.585338241799590749
3582.394916619829274667
3582.923042185507714931
3583.945574774916280124
3585.206278712881179287
3585.68444866156881493
3586.840745006095897797
3587.96881366796544076
3588.859444520462213314
3589.745006545045819187
3590.983471293056933506
3592.405889080009609201
3593.028558839785969099
3594.227274785490695903
3594.469272698104701522
3595.779063753882610927
3596.421772540065402957
3597.802641294575121803
3598.948560206193670061
3600.166323796782349382
3601.104013685447015925
3601.791282751961631642
3602.418894262688351564
3604.248053633486021662
3604.754984017813335219
3605.494474971794832199
3606.359317624099887487
3607.574809645374461167
3609.28333303427327973
3609.700266168917677084
3611.101631551564917512
3611.910994676756871639
3612.324192687339622631
3613.549021241040446879
3614.327814642186299075
3615.606268124633568376
3616.840689133504104244
3617.802842397040907467
3618.452558515970061806
3619.885723507011064804
3620.705570449877443238
3621.886132366144136256
3622.179274502217610453
3623.55846847303969603
3624.43750355684080625
3624.88172659774155559
3627.06031551906666885
3627.949114790735445304
3628.610375056135944811
3629.407217611507167841
3630.363425045440317375
3631.308684288781778734
3632.478178336013750108
3633.440157775448833616
3634.056193093004974107
3635.673633427948447651
3636.439638357045251173
3637.540657717949292916
3638.553707679430567169
3639.679806517767157831
3640.362976494269673797
3641.01053814634940755
3641.707123241174429619
3643.479573648180924715
3644.403358341780687501
3645.632116643506368662
3646.450894369831694777
3647.284261680403813188
3648.15845468551884993
3649.166164131527840828
3650.302043571159495449
3651.253106163416819112
3651.783523374765972069
3653.088326196389338259
3654.211437502704305114
3655.905726441463279154
3656.334529766239875427
3656.892829633305812628
3658.129372193821133813
3658.921689551014202971
3659.907500747567182276
3660.735665814957187837
3662.36894929740995212
3663.448288854976732378
3664.00200710459123174
3664.878137729471867913
3666.237025972965733037
3667.307339233034196928
3667.735638945522655376
3669.030191157441767073
3669.42374630895371457
3670.731997269177523789
3672.349351294876327432
3673.159176144118690157
3674.087608956143790266
3675.262610129655987978
3675.662484245629679924
3676.368938137253659679
3677.893295662794792812
3678.847783056964556829
3679.818311649508081214
3680.583983908414981853
3682.418731435667305882
3682.57173054906809926
3683.971024203510371871
3684.859893088268220097
3685.974442142427155922
3686.27133718093538228
3687.538413759765544287
3688.177027971996118449
3690.184258111030655673
3691.039162252974917218
3691.756939721431318257
3692.647653927345996832
3693.370984735038681317
3694.791126717894572904
3695.672790133180585511
3696.121982633589127833
3697.585963644991890737
3698.547362766514283974
3699.430292630649955283
3700.838316759630356721
3702.050756987914500006
3702.460155933212898287
3703.347476075603680339
3704.209894382999447378
3705.129228187902331168
3706.294721355962656966
3707.579055361439022674
3708.658452868782083203
3709.582271723353314798
3710.371491776773358952
3711.404818176416529613
3712.170139466612637644
3713.58358105086882472
3714.424676839815995053
3714.739333589796615305
3715.846459034948509976
3717.751095917050867352
3718.498355474486977018
3719.483495399308027781
3720.182048932696292737
3721.29604000033828802
3722.058836768195941443
3722.627320552538586028
3724.388127501142136826
3724.882319990301377042
3726.51771826491925302
3727.10529597332767311
3727.938465955540360752
3729.472791701951074776
3730.187320676354296573
3731.075159248372698022
3731.65293730264275038
3732.847475613411832533
3733.671696807125663323
3735.00764463701256908
3736.462855616984139737
3737.426702784950265241
3737.847779331928765594
3738.588055467694012039
3739.831690660130602366
3740.875153687163953311
3741.925079348680116886
3742.485013546845301411
3743.859616211629529455
3744.846671965053909675
3746.135972512802586811
3746.840953103113868383
3747.997127044578351478
3748.75286072295676774
3749.672707911018502177
3750.303158431205408861
3751.164644510357872194
3753.186449129888108423
3753.946989066386061833
3754.507321882974734646
3755.922818842412856308
3756.524972712017124695
3757.481439849810206029
3758.696426296329949512
3759.359216675578110695
3760.582729132616577522
3761.085334951762833969
3762.475079096339359999
3763.999842697677547614
3764.644280169985283474
3765.746026064096287926
3766.455967531820667664
3766.872421484277807982
3768.338640155954434175
3769.293394313006448934
3770.105497899101135001
3771.728992761721378791
3772.512331217439890355
3773.467327740988558122
3773.94158030498497316
3775.752711840115427011
3776.258807342244331681
3777.143244333655944718
3777.833370602115823136
3778.839373785258593012
3780.226486450645759018
3781.668646123160835271
3782.390575661851609147
3783.126649463720346253
3784.265550345229671224
3784.86510509982461941
3785.791018600925516609
3786.935697906059179417
3788.263664870251948365
3788.800050331939493491
3790.041776672573517356
3791.020914404688758905
3792.560247671588549844
3792.872479501939546383
3793.790990276485509246
3795.021653416458419218
3795.808588147873639875
3796.139177933295054439
3797.854055842943754012
3799.298497077311899318
3800.13242640340650134
3800.877635578880027708
3801.590617175651922173
3802.640239732521012673
3803.829200465714550227
3804.790840393653911424
3805.434646754817842957
3806.297896755331746485
3808.093049896331448328
3808.459507836561145047
3809.874248312906201413
3811.184712334396695955
3811.428221764781090041
3812.544754398986000935
3812.978308901785566378
3814.327017461777310198
3815.53181985807098822
3816.602598127822443357
3817.768707914308305283
3818.505533965585731786
3819.414498547847187908
3820.438313369253760871
3821.438059666772819288
3822.371913385551814133
3823.148110407561065569
3824.41855312450802453
3824.541037159350616549
3826.947627237762543773
3827.576335685668821836
3828.339520519640936297
3829.144810486888796984
3830.161823923041355832
3831.03467911984784996
3831.9324871295548144
3832.941548849468677729
3834.353094561193438031
3835.220398724040018393
3836.022881981186403109
3837.238847224151315504
3838.084058667460074643
3839.426268466037812102
3839.974002766309188838
3840.504678748195229727
3841.682344812185417989
3842.678532636432437496
3844.403553213034847712
3844.897010964168201915
3846.487475476057548301
3846.747301182658958026
3847.681749670896746927
3848.415301005862612206
3850.170201814830045634
3850.603920438379459569
3851.410102460568819907
3852.703102475248649119
3853.860293845638106752
3854.902586332991800714
3855.955254473828766428
3856.703867395885459855
3857.610583014921081546
3858.448586235992104363
3859.285738177006220722
3860.093008505172690319
3861.852719325409005758
3862.983783666956998704
3863.658286019181994771
3864.150190996822989941
3865.565077205411726895
3866.822404113286564803
3866.972328124997318238
3868.412859073881031955
3869.144666921011526224
3870.114034539457829775
3871.291750189439619128
3872.666546572794402382
3873.810208380673396369
3874.229614843760682188
3875.105197584665997061
3876.173740689806736789
3876.657964937792977934
3878.256174941054693398
3879.110338709994588312
3880.082213597441739482
3881.540350511397796504
3882.116845259779487145
3882.899992550470255747
3884.20979920798874403
3885.109963086112355295
3886.225209766245638376
3886.451289790500395196
3887.352013760036825957
3889.155346344496094432
3890.309181969027112202
3891.086883002408645857
3891.929936985990490856
3893.001131076967069569
3893.407062083334096652
3894.783730288917097305
3895.567931273915074234
3896.642632275134284819
3897.870750291093003286
3898.651961794555336176
3899.62374345561473994
3901.007764610422026172
3902.077427042258698973
3902.411160510889354973
3903.35154307314575734
3904.37919130412093717
3905.344851666203596743
3906.119319111883894097
3908.188165438193626058
3908.606362666069931892
3909.465847404125029024
3910.632716856539704751
3910.911438236158379121
3912.64294859851234896
3913.259137861760987569
3914.219923269218954273
3914.949001244906410445
3916.176538559951340385
3917.658165953608366625
3918.443052987650145675
3919.222740960692518656
3920.540431095450587399
3921.15257024005183561
3921.652560348288666439
3922.665203224202656175
3924.193310525357618908
3925.247119257293025393
3926.176083583575326687
3927.0805173700931743
3928.14221829529446721
3928.886559206820356148
3930.099281280357436126
3930.891086382284810202
3931.745217360564949426
3932.624568087019042321
3933.516881842037852282
3934.938347808599447019
3936.443286119626161132
3936.974234313655024428
3937.905380853557401363
3938.214616536864632491
3939.775186811875467466
3940.434637596688948587
3941.63002964800072013
3942.352722187778191037
3944.030362806929116485
3944.650915652395713949
3945.333063668887094366
3946.878983570570298787
3947.703864074578611833
3948.434192200487546592
3949.31370582214964607
3950.132375511085209323
3950.859466439663037494
3952.94287015691717517
3953.356526591264831061
3954.77862116459699667
3955.176546372732661583
3956.420217191614135623
3957.019901776542639871
3957.954717947092253546
3959.470755505529516745
3960.071028756977266031
3960.770534614479359708
3962.168461926687971608
3963.470348861256275152
3964.312649523208256814
3965.132707098912333386
3966.138714993044403934
3966.753894106404171408
3967.81876142117071309
3968.484653607896033251
3969.914600219660540069
3971.318070212216399377
3972.115760264560262037
3973.010681503585877369
3973.457014783824321924
3974.893413368283160052
3976.066183195673826166
3976.731418901192373991
3977.113908694971600065
3978.686119979256594878
3979.497341176278255104
3980.844099782236250536
3982.048502086845775327
3982.764068116537151659
3983.749795369122902312
3984.227435181156851577
3985.098725242399498989
3986.516179038180407272
3987.230709154775459032
3988.71944926467564971
3989.352175808955517197
3990.481409607346073669
3991.570890985175510498
3992.331105099822461806
3993.293163731767162155
3994.395873998452264711
3995.168459723067387721
3995.797813413111165863
3996.68904023302803163
3998.809292299706732014
3999.519248285303142181
4000.017285178770817525
4001.144258634627438509
4002.112349427714343896
4002.695719414773562292
4004.022451394682446505
4004.806731028674475864
4005.876737437339064101
4006.931920817723560603
4008.142030891384439156
4008.689596252476207075
4010.361019023809560451
4010.983311280304647998
4011.663881541786930039
4012.568916000892392479
4013.233688805466681018
4014.657294818277420413
4015.657651051640921343
4016.968938010016809798
4018.02926845857559773
4018.776951600020067438
4019.106065040812167909
4020.57077310366363936
4021.628014217374502305
4022.380106437604588097
4023.428504974205280282
4023.905151400087167642
4025.58319902672542413
4026.602759101599393676
4027.866297571924415222
4028.247172919727479773
4029.195557080540315202
4030.383280199061820269
4030.916107786028135695
4031.654311715944818681
4033.374476877376963248
4034.520820162190739998
4035.105599029920828107
4036.079389601862977615
4037.126014571026009983
4038.290698859279128483
4038.948310434303325261
4039.857819222256095012
4040.940563221796225392
4041.464677644774374592
4042.702480396315250224
4044.322287003434570729
4045.055147387290924544
4046.214784829124031158
4046.73821081731432522
4047.468044325976916231
4048.380709827563177421
4049.973704686576342633
4050.431390624204357755
4051.384379551233799657
4052.997625981506260337
4053.566272077934283239
4054.690712870254344052
4055.47785250335704034
4056.996361903224402555
4057.428904233524567291
4057.993493539175552801
4059.08542828818309525
4060.048996006782810557
4061.743933049635338111
4062.850288692900517429
4063.157725455432651575
4064.358380196390134898
4065.17847519289932186
4066.10959265051931334
4067.07410686881256403
4068.08322382602438336
4068.969297626075607361
4070.281912569777939834
4070.603677649607697782
4072.705128706193108975
4073.126450172392009411
4074.087681133033709607
4074.817064510665765361
4075.741346670090514961
4076.719781863792053896
4077.413345484527613144
4078.922771360211755045
4080.108304481201567096
4081.066083420945756239
4081.698568431797951076
4082.588348141119579175
4083.630042860071034149
4084.942883202912307965
4085.5153705858256261
4086.379221074612250776
4086.967478975275949355
4088.781881483158054733
4089.730285637656534802
4090.59126591027896524
4091.910846159219193728
4092.297206464624930646
4093.248362229124430533
4093.905911945289125719
4095.137930751253504174
4096.510847296560407745
4097.063684460353298961
4098.475186448155724799
4099.244845293626992476
4100.107534130519644582
4101.578447921560121189
4102.03736253512558076
4102.825941825781477258
4104.141331202192166833
4104.613098579828915563
4105.512852569224958932
4107.327219355882225464
4108.624233430278305582
4108.852443160772494845
4109.710931285796126201
4110.634319886721141688
4111.859845445077717528
4112.6672060187223753
4113.485989227036601045
4114.687567837158964554
4115.615773798477103161
4116.813980891257400123
4117.600710739797161462
4118.974352669458241314
4119.596332883649645453
4120.634210584368994291
4121.348656802788074646
4121.79465878504165755
4123.240086669544312935
4124.64882938019727377
4125.592128452605104293
4126.378063880529021693
4127.593370808397083111
4128.298166699678466671
4128.777675202575931135
4130.466763780259752689
4131.136979899321969923
4131.928002432784459591
4132.724451307376544965
4134.050648828269375848
4135.441760021328964841
4136.396688873409519754
4136.974853483482130959
4137.962941379643079206
4138.838339555502391832
4139.464099155238308143
4140.892830115632741338
4141.373775320128172181
4143.347062500451133645
4143.897624856071481706
4144.603298798390414941
4145.564792568009009432
4147.071922279525151614
4147.595069547505049211
4148.652520778808441897
4149.069451050763133347
4150.445097952485151816
4151.146851509498205315
4152.768725265643344252
4153.83914674505212753
4154.630899005978987953
4155.334787261632335144
4156.296304962837572625
4156.913907991741328997
4158.129334413811242055
4159.480461698979829258
4159.921665840759389187
4161.096281182124803241
4162.377914593377240625
4163.278853050829165149
4164.135351440631472028
4165.139162955595756412
4166.078428062398829526
4166.98417340835686662
4167.509875345772868354
4168.303453625533487017
4170.4828061105640123
4170.87511438164787788
4172.130758051546532436
4172.876966851703883988
4173.416864022804521257
4174.873181874607245529
4175.512052252207840572
4176.643071920197626255
4177.322188624039802965
4178.530304183175522794
4179.574699430186857068
4180.503181765203083579
4181.922493184464297244
4182.850792879099913259
4183.377504371781905552
4183.84634445931915362
4185.312727675292838292
4185.957936687376979078
4187.200718846234245245
4188.419977240156833978
4189.615279793395058432
4190.233269290908713869
4190.985912225671671008
4192.109712345712517225
4193.175851165785098974
4194.092245882131889272
4194.89901388826094143
4195.541351655143766551
4196.60454835580479518
4198.425989112479249028
4199.335192631164304862
4199.633002829636421888
4200.99746346657570657
4201.82700223668412701
4202.41669874601443096
4203.280813660139269369
4204.736011073341322482
4205.627365267385813391
4206.870191888257310639
4207.354542104387760672
4208.734782098327231021
4209.642902759412553685
4210.54979319404295299
4211.527980700039128153
4212.170228129721352672
4212.967293233469157665
4214.117686583577980811
4215.179293281830773861
4216.832135763850230669
4217.495524251771119978
4218.23078862687556345
4219.086410356289667962
4219.672061531219570366
4221.306739710483433395
4222.126671441045028901
4222.507243705137996463
4223.901179992220450204
4225.282365846362951644
4225.722307332870217758
4227.210630501786314845
4227.984705072136280418
4228.980834106910106535
4229.533411497629163706
4230.65784797515536501
4231.008079754503101278
4232.660327378782449513
4234.137260750954802006
4234.672186485428209508
4235.50281478464953056
4236.708778081333553093
4237.343105088598700866
4238.581562429219524082
4239.083355091352149427
4240.609223276219873907
4241.104024290079786471
4241.783753083254786295
4243.573652494019625857
4244.575822632996718442
4245.621059995546743796
4246.010961501898300903
4247.050666369494432726
4247.882863620120972746
4248.79822992072609773
4249.842360550784185109
4251.024571916935894702
4252.063770376692823471
4253.45215704309497471
4253.641943495415197993
4254.606741244740830906
4256.253977915078116944
4256.903916379891303849
4257.398426070860373553
4258.412309498923805529
4259.219971503959149238
4260.828780400028577526
4261.801316153905304147
4262.834917758818131271
4263.851070090161653157
4264.326484097472780809
4265.197753530233854892
4266.175526297828778598
4267.375018115874995308
4268.223032063958135628
4269.311963383198256317
4270.228945852237268113
4271.219357724018474299
4272.626546682788551864
4273.266070375791575276
4274.006198485267499037
4275.106732633899628078
4275.8636480704100393
4276.733176340385498093
4277.420042959429433607
4279.548867188124268065
4280.161625524678237395
4280.973787692787184731
4281.587159761130006834
4282.943479138628317708
4283.493728632652311984
4284.84496540147074919
4285.629053648214923858
4286.158107286907703682
4287.680518179438382678
4288.504766274432492112
4289.812145760645530075
4290.683826357642490281
4291.674919393785886227
4292.726444975231376542
4292.81726339051413759
4293.813814959747385626
4295.348211448381976547
4296.247687553782203308
4297.269668492699212991
4298.663179089635915854
4299.054947282909573301
4300.089148378121238997
4301.012050609301536272
4302.145194882383666534
4303.183384178737349694
4303.534636903585180283
4304.617528001025212884
4305.613823712048145778
4307.449077599055896908
4307.998991754306450218
4309.172964976841508302
4309.358615069695703462
4310.632176097218701787
4311.662007243922197149
4312.226430123790737033
4313.401370258528985403
4314.79928316025533621
4315.573741805210985078
4316.464656306923669272
4317.356190740262700662
4318.867542854213184133
4319.406828392035801868
4320.162243602362299355
4321.074891627432100607
4322.076165190021617271
4322.664566486274587619
4324.546748008150745772
4325.293085728018140886
4326.35011858358482839
4327.394690703758969782
4327.700362559461280728
4328.615769054413532147
4330.027835915254370617
4330.890065791732079745
4331.851915622106296328
4332.303902286719461748
4334.020581083662575845
4335.0631473708845273
4335.606667165305049524
4337.133662605669106827
4337.451842980883658531
4338.719122162573600502
4339.027061506978881933
4340.087832540901234235
4341.413050962383796876
4342.901618174997644427
4343.563201207074485599
4344.334641491140474886
4345.249657154565037229
4346.242896210363647368
4347.628030072289640802
4347.788735321778720109
4348.975430851982282591
4350.013922105545571685
4350.871384355095550698
4351.952516632844799693
4353.700189732446531948
4354.220757625007382864
4354.724596590270922343
4355.893110782247816934
4356.482766408338403412
4357.58759169304228169
4358.75564313242028691
4359.50018559781664677
4361.191076817522249292
4361.486734502675719096
4362.761583185764398273
4363.525581318882122839
4364.5469088460366853
4365.671997008556408897
4366.527307542686969732
4367.000511849069285657
4367.711048429534312844
4369.537964927337176457
4370.734627509905661622
4371.362633022014821646
4372.227906507432438538
4373.433178290921766909
4373.863804411418442674
4374.695096160702237208
4376.083223911225390966
4376.982953296759940307
4377.768463362284683834
4379.103315875457539431
4379.759864529332484283
4381.091028309864572283
4382.125949498676589289
4382.875748523263969009
4383.466427318297307401
4384.419601139081317074
4385.579886328903910493
4386.083678707494445686
4387.75626002584135466
4389.029478391509339603
4389.719630868887908315
4390.351108275227104076
4391.021213066960059009
4392.574337674838886637
4393.358662552606143626
4394.028511126825552842
4395.060893844163135236
4395.95109793061623448
4397.223222687317357301
4398.451719633069752663
4399.177467304123480437
4400.270180039160398612
4401.175471547632582622
4401.533574080142021232
4402.808234516906255164
4403.239569924188559173
4405.21860463998769237
4405.832303993915803939
4406.706876416488763459
4407.973180939619009283
4408.623707863404237262
4409.666097134110426046
4410.491141982205285855
4411.71520153078193013
4412.237247490713238199
4413.216561165380747114
4413.934044512484839559
4415.85096182654995055
4416.593999029481331216
4417.5801169756851043
4418.241556472837749396
4418.971524790858100015
4419.922457573363702114
4421.141217996643738328
4421.904701207757415642
4422.790749620976987837
4424.339666554156858749
4425.244909574641610323
4425.495648732297991529
4427.164720656212138236
4428.073175842685664943
4428.88180243163794305
4429.488009566998485873
4430.247448795439337919
4431.424340483088057362
4432.575627454585165454
4434.029253195875076186
4434.779104836070688681
4435.5290832925767438
4436.423737983623331374
4437.394173677606044651
4437.97686962850669784
4439.557560714414832326
4440.10758550901094607
4441.064996264988783478
4441.984948578357786284
4443.365941871083814756
4444.564424110313409079
4445.238338540593880077
4445.772758248951021434
4447.263096016793147242
4447.732962461683127222
4448.301901068324509768
4449.635268124367618071
4451.098120800309180894
4452.188083705132971605
4452.680702066041694395
4453.73455127111563905
4454.462905440249533815
4455.76265797255483853
4456.703250193513507286
4457.245826339942973539
4458.188749330669113489
4459.171279016140607209
4460.548529287535826299
4461.404140478537193489
4462.73462219491568792
4463.647648067206901186
4464.038523256990129282
4464.812716127626601098
4465.805997569222651444
4467.228532883001554745
4467.739817015275730229
4469.170662737410317484
4469.97803283173394679
4471.361757252287805366
4471.550195590352033532
4472.95927201518227497
4474.186277577406440361
4474.317091778977771744
4475.801110931759640258
4476.246519157506198531
4477.015857063332257867
4479.269423276334162345
4479.73066477209281952
4480.53362973923556181
4481.410040221138047776
4482.366885688958295641
4483.238277466884327439
4484.123623369348991498
4485.052226103624408763
4486.327219162941344179
4487.084191427811448103
4488.070667249015175844
4489.240895547541078524
4490.295506994854455666
4491.218481252422990786
4492.00827787896925304
4492.638034669212676935
4493.533634735208371962
4494.493755901568357037
4495.810018029897351327
4496.893451767265072729
4498.107112046466237972
4498.778394072472857396
4499.585223107458145043
4500.164602396069653262
4501.627186643984574882
4502.673855553594221842
4503.329854345718332643
4503.715555681810678935
4505.458867093072674443
4506.311496728824972433
4507.745182883217585713
4508.211436902683191483
4509.371444648123771835
4509.943668937142796631
4511.040014028519826947
4511.462718596944825305
4512.809991107199333292
4514.077139589541616475
4515.191306764589303377
4516.089845213538949617
4516.365671040829024138
4518.275389222432388863
4518.58467921541852258
4519.574800020459117836
4520.538555008726931684
4521.475485153272691698
4522.144077728261478388
4523.23746437872520062
4524.973397160755773244
4525.790882296900267871
4526.348586358787751873
4527.353633124018429918
4527.94389354478558811
4529.06923459200749826
4530.025233174411323526
4531.318968337886596724
4531.643575987181310539
4533.297976471441726616
4534.135598244321343193
4534.935556004702284228
4535.907562516729376514
4537.252568547485587416
4537.806098343882329937
4538.508935088108176774
4539.188862923705849812
4540.347726623454188129
4542.12966625097863507
4542.620486098007612372
4543.746922273790999178
4544.720271320875110382
4545.263343636485154453
4546.141207421271979846
4547.593415368720114185
4547.938636006363253019
4549.281071828127811086
4550.068688879314210336
4550.979693585295962614
4552.32192616097028952
4553.536850280879258972
4554.197951050969598707
4554.959391486876160668
4555.595473599203158947
4556.891310536484503769
4557.53397407057799853
4558.396623828290441557
4560.215941097671281959
4560.999833506231566525
4561.629346601569669732
4562.596817089267709951
4563.41604626760442646
4564.815955844672177597
4565.416958272248864142
4566.253326081946528363
4567.121450990624194848
4567.941686478497419876
4569.615770295187562956
4570.433329174898880337
4571.45789878556082846
4572.249860418587060394
4573.246173187393333751
4573.924130511974939765
4574.29762138438867928
4576.189954391835435575
4576.793917799958071536
4577.859111429864775477
4578.927025832071771058
4579.956917853998653678
4580.717084505585650949
4581.89418721345139506
4582.568249086154888199
4583.673687920993870673
4584.380768499226686844
4584.977258165432077355
4586.207762605340608766
4587.674877076508276421
4588.977914220216893288
4589.643449489509525832
4589.748811533984073109
4591.204146513097044716
4592.04930908790791223
4593.159791572761266279
4593.836891986130646384
4594.787190560325223363
4596.263664401222352073
4596.829908459071355621
4597.820812342329887693
4599.373672439866231106
4599.90757943768990047
4600.630054113463249329
4601.602961817195210774
4602.256123513840425026
4603.20969054508849441
4604.641681401318434573
4605.883451695221001197
4606.462472402408225287
4607.753032587037468252
4608.21638094420391057
4609.224160777059836469
4610.084231645927489915
4611.484674457680128684
4612.028597458638017181
4612.788854013540499857
4613.684307641332135748
4615.536616091181920312
4616.222300661647902674
4616.958582780833962031
4618.107678910147295189
4618.767170618818314446
4619.465593896856682252
4620.544365612922411191
4621.348279218696864141
4622.819323121313133157
4623.805611944196388814
4624.726278755093853198
4625.409262501686005167
4626.342985703833363788
4627.79022982310801539
4628.463443401889382425
4628.974234757263189026
4629.88878293931447398
4631.226406988970946892
4631.762401043949186966
4633.564438992180702633
4634.307105418771996911
4635.357160887010119288
4636.028343960683841351
4636.392280747452989367
4637.792071980071969804
4638.748153747896912504
4639.715380822985125027
4640.561739730958772813
4641.758272380068695377
4642.685758176652565693
4643.751735863572586534
4644.753105527211353893
4645.362987352404960483
4646.739486074074278105
4647.117263732463690315
4648.112608174797495897
4648.564886816581811127
4650.614330328304693315
4651.664121145863517167
4652.088399128892722097
4653.119156055231474658
4654.068949599622892967
4654.947323957917146302
4655.721560896440402117
4656.922418573236229934
4657.820890194845071379
4658.394949957775201671
4659.918687610412533546
4660.563963934253226678
4662.080004603230196499
4662.94589091943468199
4663.505025593543350009
4664.322897246287663093
4665.14137595313364015
4666.090798752812430793
4667.424428268022505182
4668.055177752045005693
4669.829513522149519349
4670.350631746016705787
4671.032106498723756282
4671.877847964575568367
4673.282690521288863774
4674.126716048520155791
4674.741639863472338033
4675.727566686424795434
4676.334095816126001878
4677.930219147139760026
4679.087491041081722265
4680.088468859476682777
4680.606397111239046429
4681.604890746662137232
4682.648662425130068993
4683.021291066600425705
4684.186914789593926043
4685.407789642226698401
4686.708155145731282197
4687.072177975256371598
4688.252603006428156324
4689.505062437305947085
4690.178840007101156268
4691.296768788712998698
4691.862100090804364184
4692.866432862005417494
4693.93941729333618887
4694.173942793324879122
4696.0958498728107854
4697.35414747154243757
4697.774403761154303022
4698.924504209172432606
4699.497252230962505996
4700.158603280910107108
4701.842587035350229945
4702.437645696001115081
4703.015173840539884166
4704.338118407428742202
4705.482138782043212793
4706.468570903250873605
4707.187171952140145537
4708.595427452169518533
4709.332678157477530918
4709.944940346285218461
4710.552242005027289891
4711.691980184833244495
4712.777797477036918821
4714.247723107137320849
4714.997962824891633345
4715.952621727107204636
4716.660239219091658148
4717.733401081525539588
4718.529894766793406868
4719.595704166862952002
4720.386694373550362817
4721.537540939960935213
4721.954561819576412351
4723.234934939146447075
4724.996421877651095847
4725.487196574650090783
4726.271143852757387688
4726.949295824610082953
4728.211604352939923336
4728.75050723011951096
4729.661501548357264038
4730.962714323503681029
4732.021907044924884253
4733.193764940088243857
4733.844098699536374976
4734.527817832890851481
4736.044923936178173026
4736.596840064478015169
4737.78403554789576777
4738.432582516829772805
4738.793733317309791084
4740.332565971351204975
4741.721885804414925813
4742.414037310372691953
4743.717920629169778019
4744.421811483696119836
4744.996853269858667604
4745.84241903044360641
4746.839593742937682383
4748.335806689634292786
4748.700881129172875368
4749.728100218336966139
4751.21594905936705736
4751.682732579110661369
4753.084026101484586173
4753.918835840181715726
4754.589564975895352338
4755.588948859221431649
4756.35614048957621914
4757.222671632898185402
4757.970669573234211562
4760.158590209302521649
4760.441048058613566808
4761.516430763499396543
4761.983993808134506528
4763.158188506213454892
4764.275424407306483904
4764.998476803593949182
4765.803255384904621513
4766.884818058115801704
4767.868858831061510285
4768.726470928571001758
4770.256497157692319215
4770.891284039308624229
4772.057494829203420451
4772.644938936118023454
4773.43979777291197177
4774.056619725543373056
4775.395711249463670442
4776.429201254369041934
4777.635676983270711038
4778.374124696471104169
4779.596151378346832676
4780.479123089006794459
4780.708587502443035163
4782.356874431613484151
4783.343224125135875255
4783.714516795385516702
4784.640967678605631037
4785.525415338092576368
4787.252675346162013262
4788.152570124255076385
4788.999015740484347408
4789.698347933761889233
4790.733815868860531442
4791.291170821013052871
4792.408824018617677789
4793.347319652198516781
4794.286764715211680011
4795.780117831537509011
4796.352903431830801702
4797.09793359794581884
4798.42084186259813558
4799.673211404293510211
4800.09776761522869669
4800.671002186036599461
4802.188369508504326581
4802.377850869757571068
4803.704592676757202939
4805.072216480051437184
4806.371973581088139664
4806.921270594435886645
4807.541012033673238741
4808.604499169223328929
4809.346880319834907563
4810.531881343335159222
4811.632288844522749137
4812.160772203606658081
4813.045552124358051616
4814.681559817523627224
4815.32427654957491583
4816.451758256975597923
4817.232875407548554446
4818.24013348446747453
4819.028426196165153417
4819.754628168566338264
4820.210030017203117857
4822.22116487270359167
4822.905726969312732121
4824.137537479789858746
4824.678397755425805238
4825.736295502362444364
4826.494341214861117588
4827.767321263362221932
4828.337946620890113125
4829.386309918933856652
4830.136823559166987016
4831.185693208819182863
4832.224866730873780217
4833.663263959365356096
4834.665341189936119174
4835.144026609661878037
4835.951966776301744556
4836.608965378976492897
4838.026709907399510521
4838.660483732967704552
4839.647158112444012563
4841.064723645309148014
4842.043504687772379354
4842.585412400115900515
4843.62133600079244163
4844.699612969358783737
4845.696734419167149592
4846.65776014351831343
4846.916049334814343838
4848.107405391168071672
4848.885041904170968097
4850.87151879220241143
4851.46872299843176534
4852.001065083394633811
4853.425815431974229557
4854.027006706021599252
4854.574296102760764609
4855.718462363850047365
4856.921830081505002677
4857.815380260170590842
4858.604172218367619708
4859.680531624429214001
4860.809330725515107732
4862.076654387724518461
4862.359349645750220957
4863.76015391976093258
4864.191948667561191156
4865.055351272651282793
4866.071578271192035601
4866.954021268905626336
4868.588327038712939403
4869.466636285996003582
4870.517253831919863045
4870.696564723359276882
4871.705539530006271272
4873.19318137594668488
4873.818446227467478701
4874.789996783109194462
4875.237660837145282364
4876.743142327452012739
4877.725299567701846366
4878.629005583154521603
4880.058127358884297524
4880.609661001629555419
4881.311012339880100853
4882.304462235103172031
4882.890785935961674705
4883.927414234290994554
4885.362074723990061208
4886.270478879995812962
4887.19848064669972813
4888.175610835218177967
4888.908079346009931337
4890.214451316183896227
4890.627756888265251447
4891.783056074756029841
4892.934979042486623693
4893.388337635763625767
4893.963169529566907277
4895.963739545985896383
4896.957746690963674625
4897.650781297577310623
4898.457291766483546551
4899.161200688896832048
4900.429563379257629683
4900.742881746494619589
4902.307209902897363831
4902.821632068548983029
4904.228632937447432406
4905.142489080673256296
4906.098238142345993544
4906.699541973659493238
4908.330089351212601067
4908.913521444295983651
4909.624111714983894971
4910.245081667458748149
4911.291910102137935317
4912.45130893610539013
4913.660637618066299384
4914.792645831573870071
4915.700240689561518998
4916.332164477558814302
4917.230780504244470901
4917.807535042850110861
4919.487036337098303362
4919.889325052079112123
4920.840430543640467433
4921.970590627642932376
4922.718991373756672789
4924.317098249989049527
4925.077606689328753595
4925.795026681425305622
4926.727642209650995252
4927.597951290635375503
4928.526064803158376112
4928.957136245708192328
4930.240318442930018207
4932.036812774137725342
4932.600670527040718593
4933.068125843811334931
4934.352289122012126565
4935.20099424978798734
4936.13394952350574077
4937.207162985993665628
4937.770365700218142783
4938.753815526292919965
4939.641724784706801754
4940.852294862652441601
4942.135528578192400255
4942.976896462189562261
4943.977866731886657614
4944.64160302004977327
4945.186898517928171801
4946.119253478643517899
4947.500490321847553505
4948.389808797441805195
4949.085915385102584866
4950.615812591258803037
4951.502384929286173794
4951.878797918170585581
4953.200555668674743231
4954.255067679664776881
4954.976576379403295753
4955.822259816116805721
4956.466055278855659404
4957.331889630291060202
4959.028989320631797118
4960.16392840769328093
4960.758090264619476084
4961.688462943186695759
4962.261952448162617439
4963.526118617487075963
4964.307031405169229068
4964.925235089607736325
4966.63321626986461171
4966.868645587163261187
4968.394640927225772984
4968.83609465510331513
4970.479982679447772778
4971.339245556210117404
4971.824996149396399211
4972.713491617352756413
4973.711578032458529371
4974.43047814727094911
4975.310997142413226589
4976.964034077549152809
4977.755154086707724181
4978.84785575317637695
4979.580892326637990083
4980.118762529119041125
4981.192703747710832642
4982.512361526238627251
4983.225027314619665334
4983.979975829911587947
4984.568543574519193797
4986.252566835805268933
4987.187900982755099012
4988.191597307574352242
4988.905166592147155554
4990.345480286356102948
4990.449701819016886674
4991.214774408587082742
4992.379462341421509393
4993.495748983814606326
4994.632742172267628213
4995.879247704658085703
4996.220820876864221073
4997.396150707099834388
4998.370030195671724561
4999.329681372973090286
5000.234316931327815846
5000.834381432412614331
5001.889773627192102742
5002.854002891858256484
5003.484944378312056018
5005.495907487708251259
5006.208381106211305894
5006.788558806100997051
5007.485982919851298145
5008.626199656301915375
5009.229044117222127632
5010.811172544728761737
5010.933198106039916088
5012.396833739677234081
5013.533605873148409158
5014.238442056197719766
5015.35792793793905549
5016.192546914328135857
5017.347756568168352434
5018.084913547670188091
5018.939831850465569235
5019.39583147335761965
5020.352759395483800806
5022.203022983779874049
5022.834526019187622027
5023.90488914123234492
5024.725752594867625769
5025.730993593627878738
5026.185476882352389189
5027.221563711044324028
5028.537886820898086273
5029.216956939054499845
5030.026936938536285427
5030.967858186768958409
5032.399063540915597539
5033.166566080199752306
5034.550361163014876641
5035.013416408851633114
5035.523058437430792138
5036.841667107008453926
5037.500692756887328127
5038.324319636722802211
5039.621887452849045081
5041.041398993811192503
5041.798034522457411666
5042.492149716432382489
5043.015445393966784867
5044.656791091315078687
5045.46713048016640285
5045.941675502013132496
5046.9976174300097225
5047.863086184184779148
5048.79022881972789417
5050.308459699165668823
5051.10669953368581349
5052.279310472945103306
5052.772155289672452263
5053.712365319994519914
5054.434547343369218921
5055.192672473443236219
5056.605813079880107722
5057.589996235894704492
5058.345409417078256418
5059.439905818898518353
5060.559080915019847259
5061.32624932902833117
5062.168472726690551122
5063.182715937442192536
5064.333813619172168378
5064.628972968499205193
5065.480124960543736394
5066.576539184778861799
5068.384815238836570256
5069.095935944007521767
5069.675544138524998279
5070.86855126587538799
5071.249797277137878964
5072.41037266058529198
5073.482256176993653119
5074.356062041533516113
5074.911470242946296834
5076.598637947780646833
5077.152989530737561257
5078.001109183258438528
5079.612726167140650951
5080.123622144013806408
5081.130097770619830517
5081.694344429823108318
5082.31778151168549155
5083.76984891895980658
5084.387439340744401277
5085.944230786496559106
5086.999761578075610577
5087.532668937759240098
5088.598901322011953684
5089.178093913298069969
5090.345876811558120477
5091.262957883617969248
5092.401941911388292989
5092.837760452182251828
5093.668880110625700741
5095.086913061577273615
5096.637933186210115848
5096.959423856328942127
5097.8144297589056621
5098.956789006186162756
5099.610743037994417965
5100.491462416199868889
5101.034063048501080098
5102.645948615172030075
5103.728341253025249209
5104.418093046759452292
5105.638635526429025864
5106.052225949797688689
5107.385740123910646359
5108.447770149330523551
5108.959096698433068088
5109.83898209097729099
5110.806041672267145061
5111.503124654462063027
5113.010157221725199232
5113.946042880454384679
5115.372842952989609526
5115.726762097795616184
5116.560557463714867069
5117.025993413477693459
5118.533838768627424994
5119.365669161571294682
5120.240023466489858092
5121.083490155638517329
5122.454781409748932337
5123.302893477929983005
5124.061784988072757052
5125.253686756768291332
5126.279118015171371214
5126.72999329178376463
5127.74171695909550653
5128.681624974387486933
5128.964483858673426251
5131.043898973589796381
5132.007167837768660047
5132.683137054001938141
5133.306575989659824482
5134.663043878822156243
5135.171964073656003916
5136.129936082095095041
5137.206291398494659306
5138.042957957294814228
5139.121530962120127924
5139.679125649692981793
5141.096623935637952248
5142.44790786487120458
5142.90203222271967959
5143.933700533922096769
5144.587752601527890412
5145.480449174140746484
5146.149645919570475007
5147.56279184000966502
5148.253527357285335925
5149.768260280787071308
5150.70961496230625427
5151.141849586537944719
5152.186214623064310686
5152.953127294702747568
5154.656845439167194142
5154.899143797593817568
5155.493362582533331296
5156.509447328251626336
5157.819065555745591696
5158.954824000827013148
5160.057736251625052802
5160.852779927914940711
5161.605392922148715681
5162.587186685206547311
5163.060164468373098306
5164.102312022032839919
5165.306771505407776619
5166.191972908493194079
5167.483594402169787732
5167.990828057263121705
5169.07019456403190018
5170.291516087272926588
5171.235927501473585935
5171.585481171242232963
5172.801688876791558194
5173.675024556315321053
5174.359901137178414316
5175.093122777010638591
5177.237132249381154398
5177.609630022530782335
5178.752194620450083267
5179.202606391488615074
5180.106626202653647772
5181.189792408520290618
5182.130914016585829116
5182.998826329179209129
5183.950307013238235338
5184.685795032389032661
5186.355746810168784939
5186.709472600945588774
5187.887847767473078601
5189.07671961356714893
5189.859588661657877412
5190.35529112835982138
5191.126801598029861977
5192.046486955980150351
5193.404415343728237541
5194.707488901574489028
5195.159163853735983902
5196.707324197993591793
5197.117498331677797398
5197.718324176152350108
5199.223858199089145807
5199.77632922993436269
5200.961311213041449358
5201.555843874248731918
5202.457989722174338485
5203.521216949646943921
5205.099606994962291136
5205.900595704827940998
5206.633161678679178451
5207.215066682223930205
5208.288522939907664344
5209.138239301665598283
5210.010911048566907381
5210.808218699839701126
5212.419404469541874645
5213.316674242103039184
5213.896943192008384233
5214.775252559325230552
5216.054491352254741806
5216.932009341216547414
5217.650795320354484685
5218.691413008385234351
5219.057877220099204326
5220.220855174182012
5221.422951323059394563
5222.858787673092249084
5223.434428937764416511
5224.457463495684488783
5225.256065096585147126
5226.148424105465283508
5226.351540382446588333
5228.183098672056617813
5229.198557199220350759
5229.24181125899904809
5230.897209709423758637
5231.815083588342978896
5232.884620192417921202
5233.658115095419190149
5234.640289888718683603
5235.574735166033452514
5236.300461229102020424
5236.957439364859299855
5237.801695401995093
5239.192789208160858222
5240.607636041085598135
5241.502825459770520996
5241.822720416351958467
5242.79298538868830866
5243.882548868623914348
5244.845451001427876341
5245.755732517577688583
5246.279250856914455853
5247.610320391933150497
5248.441539016075355344
5249.366336131659808682
5250.675238104248727529
5251.798558626512278738
5252.522037866706190528
5252.890575148449676203
5253.944070491726712801
5254.912630870913019883
5255.613164303761636458
5257.081180064535814839
5257.924941007523623475
5259.108320960425698729
5259.771904521843154423
5260.959190246010196545
5261.180476047183218313
5262.848835686331714595
5263.396965101677813754
5264.411378017649577122
5265.088374535057779129
5265.605936327469949975
5267.885364151472454249
5268.198270777970710374
5269.201393021088832645
5270.259454504893143448
5270.88622752598025945
5271.69696911517924394
5272.517960360033306465
5273.578737968436974992
5274.69150901537324271
5275.643878877955565252
5276.68350302536940214
5277.475759502642438202
5278.379390382477423819
5279.775667717842231453
5280.315445981201706763
5281.239950686326654409
5281.63338006580325597
5283.16386855992222248
5283.478719186035010837
5284.926926629153060667
5286.437161557581821254
5287.137482205340801282
5287.71138022610461952
5288.515549597786830232
5289.353245221510542056
5290.674974347994516346
5291.399590509319293167
5292.275016391077825549
5293.02435551483924271
5294.464760714006737214
5295.12635547519873856
5296.581056719181438211
5297.125394919595072527
5297.981183439350916044
5299.274679237929758347
5299.627300319932980495
5300.144736871138323253
5301.458131809212704798
5302.981454220329492735
5303.885255545878519478
5304.508457854940300321
5305.526333012086415831
5306.49876976744189096
5307.300388636241972362
5308.072790499981746545
5309.361753481891643255
5310.032764726998362019
5310.606801112027837806
5311.859049891718092976
5312.980209158523011856
5314.439426791834597276
5314.95479404951150295
5315.726296859325166774
5316.63925390621735667
5317.139734905883567713
5318.445240959230631293
5319.36473429788786043
5320.109753010283949563
5321.536694997694722439
5322.63328058493864493
5323.137231112140493956
5323.796327875688757787
5325.466411142999958056
5326.038512792133092054
5326.867763789801584595
5327.480222283036371053
5328.463844665270486816
5329.377158593330007127
5331.015051848383100099
5331.855033782666971769
5332.582449338871892253
5333.746349452669544201
5334.061217957371564857
5335.195388351516317345
5335.9479262272361767
5337.059672760578857576
5338.21427477173400703
5338.93312546485825553
5339.674564986855845228
5341.264957858608639366
5341.907714556882095232
5342.986689833522694072
5343.623359433019280536
5344.507532612439043407
5345.528297341695390409
5346.06996561535660402
5346.890937421842787745
5348.769669281725552939
5349.489057840143921701
5350.395904772442639035
5351.225419925846713171
5351.771637383498354802
5352.900178207069687185
5354.185202829311065198
5354.773479714049486156
5355.347063675623206183
5356.538865828704991158
5357.711619892324723796
5358.669106441790825322
5359.633917927375471732
5360.87712653129412732
5361.630997292119675023
5361.916637016828460063
5362.990405326631597645
5363.71728047700477822
5365.296267419233728875
5365.742257680618417977
5367.38012385219165758
5367.905543114681266122
5368.813641601140092122
5369.80759645258569521
5370.713539813717386183
5371.538329750509979084
5372.680867258249723822
5373.219972947191730787
5374.114835212555717758
5374.869738245036449768
5376.722663658617110389
5377.719730868922778861
5378.207038130046270035
5378.768713720048698165
5380.103731882796235512
5380.877056510779138825
5381.348150697046463257
5382.809993370514477278
5383.528600988369024421
5384.819764523645932911
5385.689781133582734909
5386.311049248220996439
5387.705534128895381818
5388.449137494742566373
5389.608146493819127374
5389.909513561418771361
5390.992260083001205963
5391.505965627098090248
5392.981959683038198565
5394.083717252515683246
5395.116663427587022499
5396.11585947174949764
5397.003429726802106529
5397.261960157860156401
5398.277621995208377808
5399.712504640470590969
5400.418887868290302098
5401.194496185364366293
5401.947143074564835031
5403.389590115237651557
5404.287687736618271034
5405.354453322769112692
5406.184132744065129586
5407.075537996711088736
5407.735014383861153
5408.588715767542952961
5409.577739475961611772
5410.101872017244926204
5412.119660738806724869
5412.756931861645764869
5413.448942338434564109
5414.391884655145721989
5415.225062963723573461
5416.511814309129688516
5417.190777293038612769
5417.730775966484541862
5419.145769365587780366
5419.647914017258612099
5420.595118618174322386
5422.107201544394651468
5423.364285030068457509
5423.582839997252837863
5424.990137501592726797
5425.205579331656943187
5426.077473621457306595
5427.327787267212627939
5428.200793507517209823
5429.307069477648462637
5430.093232394629979913
5431.518550461935834887
5432.081300563690918501
5432.867061873673654869
5433.939314658022811572
5435.224510669428081366
5435.614214161095066505
5436.658400672125095267
5436.820644930087936749
5438.486077902408754918
5439.874947381833328753
5440.645160132014937885
5441.565050360556652074
5442.197196540771423174
5443.283539712419868619
5443.795137320656387966
5444.96695956991928141
5445.925027099689905585
5446.765247872766322861
5447.861998301299856412
5448.908413286428241893
5449.427630167591295833
5451.309407660432125977
5451.666775612691957231
5452.330950202066110157
5453.276425897145941987
5454.23276609101570028
5454.948555510584889617
5455.867963982944480094
5457.254335831568652793
5458.715645086830449458
5459.062182610659240447
5459.714513943352429285
5460.815544164755402517
5461.682968830868997441
5462.745000549540524955
5463.764554543696861776
5464.243875226838746157
5465.083241509825381489
5466.418306245839049401
5467.790444992022355937
5468.244535553760817961
5469.480888387572601162
5470.220068672416494293
5471.08287314151253151
5471.760866919687781111
5472.26403769318866334
5473.925204188394557795
5474.871452901578204762
5475.749436824135198744
5476.748893801358884412
5477.67194061874316071
5478.463436457820085883
5479.396814759793017055
5480.654805801402197904
5480.956733202192205045
5481.99373407774372399
5483.066851689781061489
5483.473148968389999875
5485.379530334925227568
5486.250958078564070013
5487.158642325720149216
5487.81444820313140107
5488.239469786524493973
5489.539886310044147101
5490.606477202431895122
5491.198488461752068058
5492.137050601373727395
5493.792469126766004568
5494.038480583097445163
5495.280875462483790919
5496.089727275413839023
5497.373490396218552377
5498.17412394510111065
5498.633565305225435983
5499.612797508678841744
5500.353983645932026027
5501.33122422335439832
5503.211694478846152759
5503.522536239298818654
5504.57949104050679913
5505.571935828686119339
5506.330011485518841145
5506.908179898227209765
5508.017009501102573272
5509.291230676581301412
5509.945930302345558845
5510.544264813349547675
5511.757773875190808297
5513.109958056238565573
5514.00184870436628386
5514.844462098076174415
5515.50148295542939754
5516.629656666066695866
5517.161633410805628386
5517.948299556428166449
5519.095837607030514023
5520.215397938825219817
5521.614204753150253779
5522.24963099414462075
5522.970046465706315957
5523.601350977461962002
5525.239782350296610969
5525.717122329117077027
5526.662765223687380131
5527.355332468716428028
5528.166412501780960478
5529.660934020356724164
5530.203159249181133052
5531.929612602777589937
5532.461117364642881456
5533.27582527734279194
5533.953358476204396379
5534.810789007363286928
5535.656868324537494746
5536.899525056139120403
5537.790908369000483765
5538.740727318240159041
5539.814585079014230814
5540.694583143287033614
5541.57635154393916233
5542.764646056709399125
5543.113256672817102589
5544.515208608563964565
5545.192999163192276821
5545.667895222008550121
5546.535304578454343569
5548.523919661123326399
5549.358839814484364553
5549.83482314245060636
5550.807899778982554615
5551.929911749658370977
5552.207947116757286824
5553.659789785949267581
5554.238599943795348611
5555.402430795447668282
5556.199245743833326955
5557.363922456235952348
5558.202004496687585689
5559.248178602726214134
5560.367211776969279174
5561.310135213797164419
5561.791548798032326009
5562.261884446336975349
5563.637870900838938691
5564.430162550764755876
5565.5662173269740685
5566.91217725710172656
5567.644318652243764447
5568.798580122037866843
5568.912933770419058192
5570.006356173319980961
5571.437867776981014085
5572.175581208444873872
5572.586024225678170445
5573.899529405042665529
5574.441283883400029896
5576.064762432888624291
5577.183679281282722886
5577.672276828444520869
5578.644644373745654154
5579.495916492832559298
5580.333270376427692034
5581.025573783574737992
5581.822277193782992763
5583.389191418452475045
5584.3237408908186794
5585.244570955993298592
5585.708717008199229658
5587.160081274639041719
5587.886525281240674326
5588.751061185498474269
5589.691727171090692512
5590.385173138886275216
5591.400963623905634426
5591.925240792589814647
5593.555617029214751269
5594.574594282586987409
5595.711374711911892292
5596.227736682097490443
5596.856616829598348634
5597.841768955218611281
5598.606006812810798569
5600.162150309786951018
5600.549747047590455225
5601.300750966579683035
5603.081362651794675637
5603.56484005067741238
5604.347254349504406184
5605.644654187447337853
5606.542579545898783945
5607.273178719413434052
5608.005403503109645637
5608.695582163807052647
5609.563895924981947352
5611.146743753712648257
5612.157114643562103651
5613.121400281543652931
5613.727896996746259758
5614.492287916933749963
5615.741026437992921611
5616.254524796164835548
5617.320271437551893897
5618.289089574102520422
5619.268082017288301358
5619.902394519334819884
5621.023391660963442412
5622.488604142267093025
5623.413625843145743185
5623.777120106693860787
5624.755579135306360113
5625.592184743385317971
5626.502242711864952414
5627.213187208193468522
5628.348462444158723326
5629.890648797948390792
5630.38050222984303113
5631.520288039644122253
5632.197465155438906171
5632.847100005567177782
5634.370016211938756011
5635.016250807584053287
5635.929470274486806686
5636.236694481527156579
5637.490237062518195585
5638.788714457923167039
5640.134252591616466017
5640.385710966421894392
5641.872250768496859684
5642.46339909784227343
5643.093319440582164513
5643.66312748779155415
5645.328117414937829047
5645.769016095280873127
5647.161576573467799939
5647.857206976795513976
5648.974462993070656535
5649.800756925361340628
5650.839075232864965331
5651.883418462845097299
5652.345479579187370214
5653.407356205339511171
5654.192151373508913093
5655.000372762493339317
5655.81925262368426707
5657.866738715883688992
5658.411247459894845507
5658.921215888583878865
5659.894412872658961533
5660.63042280274439299
5661.929696761165335274
5662.457451148033282619
5663.557248248997338685
5664.33670825630043707
5665.460459801875874409
5666.472615778431504819
5667.31617046271900636
5668.525315609320491593
5669.472767900275489796
5669.978563813660367628
5671.149659068222141102
5671.479959154304941402
5672.290954890888229692
5673.937158397051192417
5674.814995125544637518
5675.707528740345457711
5676.97253652275957178
5677.38502608253997572
5678.347908881795645358
5679.113903984791819852
5680.339045053083798828
5681.241565137187091424
5682.099169924707567237
5682.288150146846667815
5683.970509043295656615
5685.123793484791522881
5686.093541225542155404
5687.024519731124854666
5687.481856548010748342
5688.363844470026801577
5689.508631787297226627
5689.952695061552684608
5691.140945770724161629
5692.205217958837326822
5693.589608697248632626
5694.31196652828006098
5694.609217468297106806
5696.03191737201264539
5697.172049668285156524
5697.902079625018692251
5698.374747827996621386
5699.372993196989247968
5700.481014348115871099
5700.983872395575744793
5702.732811445348827683
5703.616227811558333025
5704.505840610415984632
5705.177927107996480912
5706.07741432669022827
5706.596075748012358307
5707.768652251343638873
5709.039424443666172857
5709.520369132196748683
5710.601740934770900941
5711.559224969293482043
5712.815871228328833947
5713.79384410106111497
5714.099754695891407873
5715.633644358693091273
5716.333560485883523384
5716.750279152261250318
5717.771496602875770143
5718.472339581721182159
5720.3633899992279519
5721.05053473196575081
5721.964323486251642018
5722.591357947802587253
5723.77904599377615434
5724.163357935434107931
5725.67114091532103673
5726.233386878947283804
5726.988743535994042458
5728.120700254256982335
5729.152376853109992944
5729.883193187224891517
5731.347862115284190178
5732.341189147185449751
5732.882093179836952856
5733.599967910076694184
5734.289092686585503339
5735.448992420156071714
5736.325416947508278247
5737.255261080919404679
5738.609819841823763011
5739.569634432319716542
5740.311894799231977337
5740.865372181460909674
5742.146698513288067833
5743.006062922092945732
5743.891993555737296493
5744.857530427187239946
5745.316395042860773787
5746.105037293983012005
5747.944351267191170391
5748.737621328780804294
5749.840045598376904354
5750.072418941113829837
5751.510678657523590444
5752.022580454234660167
5752.725353414598731596
5753.688438232309051726
5755.267001495403222703
5755.666768504421132706
5756.764768471898807845
5757.942007977970633658
5758.475340726917995668
5759.896683465309303615
5760.646107948371680575
5761.131645054408015731
5762.451906741179293546
5762.733907455103630724
5763.832280946394398969
5764.963556715087977995
5766.305389090200659537
5767.382918922687772602
5767.98509580608153048
5768.708111307268919066
5769.217379489943031584
5770.681886992372902291
5771.717742972695575731
5772.110310913590729548
5773.085986223199354222
5774.269143736220661543
5775.404901666433818279
5776.05250987095789969
5777.400076385150515546
5778.091121756383535907
5779.005201100713353865
5779.661555490872897389
5780.378597203566201272
5781.253921951085908136
5782.40046679472855508
5784.048432518079013471
5784.468467315674796631
5785.212894534429495235
5786.493575401431618244
5787.134878800056656744
5787.969440944723517187
5788.985799825034779679
5789.954351321143773808
5790.692267030690145747
5791.546976217493472035
5792.289593635210603059
5794.301907788139006739
5794.668781596151989994
5795.563939737832121437
5796.419040669174737459
5797.217839236136158012
5797.884282193431830568
5798.939664254744105473
5800.041030274365183982
5800.719277320538113243
5802.371718407209981003
5802.781136074599940416
5803.871206258075695266
5804.409409031705795632
5805.820188753753056986
5806.798661008811025867
5807.373949619648276407
5807.786383388401621854
5808.950049546973894977
5810.033203191335043551
5811.356821178595812194
5812.20478829097682829
5813.345051566531392872
5813.946414929016704501
5814.4993273153798781
5815.624714249825860745
5816.295670202822677728
5817.687141955804285188
5818.292158757065279715
5819.263873660719762581
5820.323072483646427189
5821.199580317665381706
5822.554932361928656709
5823.160120590071735067
5824.034446196029884459
5824.644070750254689379
5826.022417685476873322
5826.437166473171039775
5826.894313623182376754
5828.890322956993345007
5829.884397342048155839
5830.591034346443479023
5831.348619828558170377
5832.010437995125382265
5833.320748987730534766
5834.00077132614077491
5834.935242018621244281
5835.952597527724674242
5836.409775793470024379
5837.694816937440399112
5838.887811770638554178
5839.657148889604894256
5840.870745780082286407
5841.773244696567850755
5842.257347261062416822
5843.004016163601131361
5843.745504057074496106
5845.04354077885096941
5846.122346475740794688
5846.858967153620422882
5848.182987415376076096
5848.996958343328399553
5849.661517375552677675
5850.489268138529995088
5851.711059759895363358
5852.668145588459682198
5853.095554594940911715
5854.191539972039291842
5854.715491772939334214
5856.094228893924657411
5857.843809341438855553
5858.083358309463994751
5858.833953060091339911
5859.861397251982080191
5860.649382999763986288
5861.434868985917139227
5862.557428297671930266
5863.094038513300203641
5864.656763606400084441
5865.522792510626343112
5866.040235324606145055
5867.201546981377919799
5868.543660974694386843
5868.986917034966458883
5870.008991855740832579
5870.718884647864672142
5871.419724497563173919
5872.402794856289760871
5873.38759370641478285
5874.881588208323431755
5875.798358154291255036
5876.374963621472436233
5877.609748606668303848
5877.933293919489304974
5878.676214478654668335
5880.463284726764016019
5880.709560927625161895
5881.825024120581472572
5882.270516172437724716
5884.032826244936418438
5884.684250047966716213
5885.744730540396178807
5886.621191165030699231
5887.48630038868037232
5888.387576534156828878
5888.845470521668698166
5889.698291834789962473
5890.842689357557413609
5892.225848293509133148
5893.12109167004842916
5894.085613219848942206
5894.544410863417662981
5895.557133651959274947
5896.814625874133130052
5897.528508395180753297
5898.045615592846137718
5899.33529440318338526
5900.026130768220366437
5900.832883795790770637
5902.160660214254045193
5903.459104336165807973
5904.359224850042737927
5904.78664964902934988
5905.377904296964183015
5906.654294834346700622
5907.305604481369755338
5908.304130378044936438
5909.432316004653369888
5910.297428639246118532
5911.489176576974486495
5912.332412220923777499
5912.935296612505294632
5914.115666541656472071
5915.019576754144383606
5916.088332580690013019
5916.441169127997579592
5917.380890968155200208
5917.975417960736669536
5920.055550869004545367
5920.538476511501067785
5921.438418562954292963
5922.55208008776375375
5923.106480527551745514
5924.023918205912250391
5924.612567997041964535
5925.982652112324126508
5926.867806897631506291
5927.479356433868603789
5928.899161984593494231
5929.345382897492492081
5930.860362894445147312
5931.570134864405308022
5932.736065547437876631
5933.033536559582047289
5933.987898043518446261
5934.829981307314893965
5935.948347327593923962
5936.465147329213855891
5938.287679988199271866
5939.265303266807171158
5939.695838711395468075
5940.379099853132093794
5941.441894804406140525
5942.46773615384557713
5943.5439791745015397
5944.130246624258009767
5944.725413371057810299
5946.143331990710516507
5946.820062652999829046
5948.301613869440054304
5949.142426312635388882
5949.777706351522475261
5950.989084392992790031
5951.430121674386412507
5952.261902584627730396
5952.902618768109362061
5954.465995760656197572
5955.342138476738498566
5956.365914060978522959
5957.027692949344674177
5958.332640101391825507
5958.866457495425007629
5959.876516604980236971
5960.740693076100246888
5961.788662547501495821
5962.574245885660007371
5962.943559513120417372
5964.146533459619874102
5965.736509167636371311
5966.619515143618021428
5967.43313323137315536
5968.178918743095247576
5968.735878784985767164
5969.779680206670108432
5970.844216766736223651
5971.604971542721230148
5972.485368405060761185
5973.620902248292101077
5974.886211179463757141
5975.356163229908470859
5976.141901892539937529
5978.02659041928976878
5978.139309725790062812
5978.832670352795680398
5979.862288578085496535
5980.592613333379713768
5981.506260799348249892
5982.914976763731777781
5984.012615640010910903
5984.79281750680159265
5985.669034669888019629
5986.419145205076289919
5987.055919517702678447
5988.313841463135190182
5988.973948250782740648
5990.294284873586110019
5990.809755142914262251
5991.472985430085497577
5993.084653614646440417
5994.057233174675006724
5995.024532494481209144
5995.409540651148099575
5996.609465538453866656
5997.392505688815814842
5998.052919752655547982
5998.734794943291395086
6000.121020998374398242
6001.495519089924949148
6002.154589633411581469
6002.914838345618660044
6003.878519365193319554
6004.591820724887783124
6005.855784942334063607
6006.678028614962485022
6007.325565907606133667
6007.978287457788154404
6009.204540379586430365
6010.1908204104380612
6011.25302542846974814
6012.651122635339079524
6013.047245645551296276
6014.042373169796768537
6014.663869379400772318
6015.161467300141288421
6016.736803703802709106
6017.530542899120923822
6018.180474529548380789
6019.650285835952248113
6020.485477165467457584
6021.078533684980212731
6022.496991537044644003
6022.866086750984914576
6024.23592862151119481
6024.765822154941554466
6025.65298905880426658
6026.328429368197704406
6027.149989355024829534
6029.083879336239010356
6029.871336490612924495
6030.36656554526720618
6031.190552493812445299
6032.274114806583767068
6033.146731331337611208
6033.644977208373443641
6034.942132629864696861
6035.782357605260268143
6036.735104464168221547
6037.621814970688771359
6038.620819010113696174
6039.780188462111087176
6040.747929474347735276
6041.398240993254923855
6042.397652237235167301
6042.668644064463009805
6043.995010268979583331
6044.552572123936447634
6046.181521954205143329
6046.796932396247279023
6048.263607361397851747
6048.952645864481554598
6049.241142991617681342
6050.246128122275047046
6051.626971033905295497
6052.439739293708994986
6053.067413924323484897
6053.778846036457766245
6054.804164558045311285
6056.260886232179706718
6057.072842116193979147
6058.000876270650180332
6059.134493785758582459
6059.46682872835224736
6060.341627593010384681
6061.49361982228442829
6061.79391174766737503
6063.253687207729857485
6064.593399932610514649
6065.104446594213095878
6066.142573932623411074
6066.829934378909977725
6068.165352787178424079
6068.884377847925849943
6069.569709881499908973
6070.456730948586473973
6071.607124379687053862
6071.987031737128093499
6072.98693028158509231
6074.835751881022211828
6075.456209880471805892
6076.319580410927648385
6076.8965954287565279
6077.923525597853783609
6078.464257000358784497
6079.725372514824379769
6080.817594639934868189
6081.177170652933892962
6082.501083706977573573
6083.644016757932694658
6084.383007365660920366
6085.230905162356115883
6086.325556912578516777
6087.278392364372645259
6088.14476807150719416
6088.537541404678286308
6089.128616019717220693
6090.717153107077479464
6091.689881768494912349
6093.192335325567517799
6093.283426817677733128
6094.550261329978041582
6095.331193379996965079
6095.911728318065476672
6097.096728489390064447
6098.071498010461451623
6098.786888080899295825
6099.667065247016674701
6100.713939634763281918
6101.542636010731527203
6103.111062056342823354
6103.890836007713371614
6104.369986546026122172
6105.08011231856831766
6106.427937948077785472
6106.698870787320148351
6107.888398279542395605
6108.683780716910883327
6110.531011475981902602
6110.830996154773429291
6111.844532847507673288
6112.464435384833018859
6113.552617473988230814
6114.76189175326990223
6115.274791543812193783
6116.167495930629415906
6117.090753291097079784
6117.552359427716710984
6119.215997842411625925
6120.281534697360683034
6120.933301686410976016
6122.094398758503553295
6122.857424919649677859
6123.356607972827526056
6124.138883220781073825
6125.172619880176128289
6126.568586519307376488
6127.130221394032243611
6128.046863129756694762
6129.268751548013510872
6130.291606464611255266
6130.686768649261289097
6132.121687397098473468
6132.762353486791185965
6133.489892704202552013
6134.455051667965093678
6135.143074922048810885
6135.892613200648426736
6137.781389320129082234
6138.445601390254319204
6139.589346958781660514
6139.813239833825860763
6140.675863382833775707
6141.872358756231454527
6142.911451640284748056
6143.356666103172837357
6144.405867207821494554
6145.505364043890261399
6146.604329604662559738
6147.070023447599011416
6148.593113945611024539
6149.398925230075501592
6150.27537410434017387
6150.87988787059466418
6151.572502081302249278
6152.585599027227552122
6153.326365653243776674
6154.805638423514126474
6155.704809901577576141
6156.737464494589812265
6157.381128649895637849
6158.397686173142676134
6159.096947190147221007
6159.82946899575132419
6161.429368945598253251
6161.827253696845165927
6162.415562412440462142
6163.378477444262907415
6164.773220517610877281
6166.200513434597172355
6166.483048994030781101
6167.464531359393705301
6168.379809680246988888
6169.394736467650740891
6169.538152648448951806
6170.820008109075556447
6171.920474771537950835
6172.839930458118756665
6174.235069962361212033
6174.747542413266487368
6175.309013705466202535
6176.744162202786075606
6177.63040444960768719
6178.410285632124583663
6179.094486917628065862
6179.764681614095670946
6181.012825755287161887
6181.678420746651563135
6183.062480334703978668
6184.336316582487731672
6185.079974864195634103
6185.460103700484071046
6186.457283968078469376
6187.126750723331392003
6188.458683360364819829
6189.118029681645703748
6190.169795887310407687
6190.926665971511627196
6192.097286028823218961
6193.133431144429529257
6193.902824192949343159
6194.965274092488516896
6195.672078990472128671
6196.664752125840570042
6197.387063257130763175
6198.065389560702001047
6198.652216561331644633
6200.674034464229283029
6201.593088508775883274
6201.83256963944929618
6203.190910737261660908
6203.867876241975048666
6204.585656186870193123
6205.731342331215105943
6206.513025685408315134
6207.353677366980296756
6208.562086127367787078
6208.81397241079579605
6210.470030162985671912
6211.207816547218154143
6212.549686057973823493
6213.187976900496243026
6213.79999995736691472
6214.501304729581620591
6215.400957016780243214
6216.668292162449824013
6217.188858908823191031
6218.517119863552869217
6219.844220203323984113
6220.276866168359960849
6221.350127562687157239
6221.641300960960463554
6223.44770892740344585
6223.854786959724420051
6224.732447312543606946
6225.47067808144173686
6226.232883566194536997
6227.450045327269222798
6228.832840927518282242
6229.761584418354129124
6230.32374979614848681
6231.186984214131169447
6232.234236964409524422
6232.811490700785666483
6233.436150635210628266
6234.905356027907659478
6235.691811528844528331
6236.871797213750706446
6237.401188051517586852
6238.507790150082465006
6239.72029874917883436
6240.518432488211752983
6240.987478337604995883
6242.263742648332989621
6242.916128110378443451
6243.536571206048710188
6244.467501007128694226
6245.846353792800501806
6247.220803894968887355
6247.765900412639837932
6248.617590056633857018
6249.223567202485983929
6250.125998032665393588
6251.160830038508715031
6252.337721681161117737
6252.960641623911123261
6253.372699433021519516
6255.212382593087241652
6255.709995714932515218
6256.737988103586667304
6257.821913767863791689
6258.86314220186606381
6259.511130503419091932
6259.969134480434751244
6260.941865601983487287
6261.776846422373568857
6263.065904931718502883
6264.199277451351076368
6265.06089827704283485
6265.972125306059741623
6266.645735922494529375
6267.560486576163312047
6268.625266754623981466
6269.267355566475975964
6270.349148874556124766
6271.148771757297805293
6271.964363395980884268
6272.586182980715547562
6274.619334058124033154
6275.133981984459411515
6275.846693888326961539
6276.916164708130861698
6277.229194882689019946
6278.607595708884193469
6279.122462096040720939
6279.993148665393151053
6281.406047966539854645
6282.275812909980582036
6283.220407901683433141
6284.054280278027934606
6284.788411119041237326
6285.899070662988608543
6287.173743024350783256
6287.42595294081539862
6288.211245409330052613
6289.114831893080016509
6290.037006599129783569
6291.54965202456008897
6292.329914868597809319
6293.2973357198673826
6294.34932965398461347
6295.0061813059762144
6295.221568857195857419
6296.546591927773958859
6297.77125586457313087
6298.458690160453380734
6299.17274557449979035
6300.374887380822561922
6301.383220877710107792
6302.230259739779732491
6303.490771613428405253
6303.949179388617328656
6304.900391851708683599
6305.747858386109966545
6306.557291346391699737
6307.14472087552299545
6308.253824515857693687
6309.939810025127974588
6310.837756045101963675
6311.201065750283753075
6311.879397195401941704
6313.321021466825313884
6313.825911946270715653
6315.031008723212330508
6315.483979856275076351
6316.769600866338171251
6317.255760098615846449
6318.603143126995766392
6319.382478611861085728
6320.918880337805217809
6321.415499802147126024
6322.118186694310526629
6323.182594444867893574
6323.689061223936470142
6324.348503493780794988
6325.991157331886648638
6326.550698605975945348
6327.709329596057545298
6328.768971501923933173
6329.665095498507683841
6330.240406355495641936
6331.108424755269534356
6332.34615110867692041
6333.196346147333266403
6333.916050927501329654
6334.410684881733392367
6335.356899771550918682
6337.044248810119409828
6337.822038198450647637
6339.04195746834752884
6339.248808949114715565
6340.44143965544036863
6341.029239095866058762
6341.95415916984929725
6343.025918905335253949
6343.639577676622732047
6345.124572354928616136
6345.812781595794479127
6346.708588292483206788
6347.512774839417058412
6348.864774975658755016
6349.694650324670861345
6350.349366018132023589
6350.797904043100050054
6352.124095646808434088
6352.824041916451004197
6353.487236191205026929
6355.408107878889067196
6355.930130900404423273
6356.984106932884389865
6357.60685765845249758
6358.315701847617436001
6359.169623810261232247
6360.503448520766636967
6361.108114371222121025
6362.082499057126084295
6362.685361830654181586
6363.900839548029471636
6365.28358374435919104
6365.85232102101638182
6366.671353345361424044
6367.958813533014683607
6368.438094219739437847
6369.245882999161260488
6369.770229023833336163
6370.898050447910822288
6372.415682393795277334
6373.173152452142145876
6374.053534358543126367
6375.032404908860483046
6375.599195635544081659
6376.764549170062526956
6377.511439944205574328
6378.550145730094809378
6379.246624188774805114
6379.959409795578899796
6381.143665232173580816
6381.848039061530956522
6383.410238912067498918
6384.45921901648177762
6384.92048851115778249
6385.578203508125938686
6386.357077118747839791
6387.52829410580373264
6388.197850516724536285
6389.360853368250931541
6390.006152212628571676
6391.68664548391679387
6392.187328677613410415
6392.718575157853163115
6394.065073885532055817
6395.031740700798242263
6395.668869607560350223
6396.729259797332919625
6397.361130692520493118
6397.786081170897035537
6399.17664034732941609
6400.746238657757721502
6401.323625925219883585
6402.17529062214246659
6403.110886587122267793
6403.861397515233267998
6404.767039730848564777
6405.178961948583762285
6406.748283859479067431
6407.612952818620513405
6408.077160917846822668
6409.279021189901117343
6410.353801335843156186
6411.384469328819870558
6412.247558440064533014
6413.04042005879804573
6413.83345137507318571
6414.570290068342803031
6415.462076135825069083
6416.175908960685471839
6417.378052856020880832
6418.792599643247888029
6419.692022861102415795
6420.182578627688254467
6421.25593582785427659
6421.491228644308911455
6423.414486176729502062
6423.764508953828938089
6424.401461601265353716
6425.399747335204854331
6426.480014181574981383
6427.401528361016960065
6428.587583738724528075
6429.46884869272288132
6430.694571981495006693
6430.91818613359607546
6431.981683244139887683
6432.433303080168638469
6433.622387485807578728
6434.514944024420730191
6435.774652679148520791
6436.905185937703858713
6437.123406603307296667
6438.740481004520417111
6439.140618634673134465
6440.125226420810110566
6441.140573842962555865
6441.894099406383302657
6442.897533673153230528
6443.565266180883024089
6443.978372087088441979
6445.97151528360678967
6447.022174123041568812
6447.474618171753579655
6448.246132866305740677
6449.332054723968976676
6449.896208786239332513
6450.770449031410653905
6451.965072774469422441
6452.616809388042463744
6453.681785667650826079
6454.861307375188520521
6455.690820622381995171
6456.243758468239422331
6457.653867882111396578
6458.658611072352056851
6459.067827430399617447
6459.952831320823704233
6460.534639476212205713
6461.614784191283541385
6462.852814105798443688
6463.72409714599453206
6465.143720813163052803
6465.743873966872537666
6466.295733700457042368
6467.193447823703071357
6468.092790956416076326
6469.131125190510681453
6470.19735732796305092
6470.701077816671190154
6471.56045747909334483
6472.780201590247656186
6473.798648696707054279
6475.02149349302081896
6475.727754605961955342
6476.113123922475265845
6477.481705763072629091
6478.027176624626376606
6478.831342932714104243
6479.431139218032926513
6481.273679157492809067
6482.002790371315400101
6483.006704609867431727
6483.450189794245668092
6484.519323277323860278
6485.713209326583412622
6486.163374261582699002
6487.445215262415743448
6487.83021681324221451
6488.926620780881315211
6489.622575931016999621
6490.906097872482926005
6492.19021043344830103
6492.813486515120289631
6494.004710693342287936
6494.62212531858035894
6494.866454095690876934
6496.007974724864466058
6497.279308277570649067
6498.038769460500676695
6498.834863257906309161
6500.031689480680051883
6501.207453991779785793
6501.665184352136945063
6502.566972220884626824
6503.701543493511297749
6504.732509796223354691
6505.408729994132477229
6505.667900631896612115
6507.137020076430888151
6507.47775262787079774
6509.61825280230038009
6510.058208138934536734
6510.892054060107106316
6511.72622319247406275
6512.566938401199879909
6513.360945148274204081
6514.382624269534249632
6515.052647859496398127
6516.171290289174179264
6517.240330844650423526
6517.861387846916315813
6518.808197450836873828
6520.320492651004059241
6520.909964939857657544
6521.788872386337834918
6522.371597080945186712
6523.377319126218735663
6524.089123052959289596
6524.89876404425478114
6526.082562690724252412
6527.431766363988799393
6528.187904465222229884
6529.103609831716260815
6529.761023940341150164
6530.427671755756182999
6531.598707501850635663
6532.693567137808111116
6533.491429406026904314
6533.871387072464251311
6534.762937012053292279
6536.470053698357899347
6537.05465021374026478
6538.142600402396599286
6539.169984547960272351
6539.72496098489846512
6540.638906760232297601
6541.354659155190316552
6541.862394583097596651
6543.517657049525190307
6544.117508866735991242
6545.40676130551131793
6546.203853143526757654
6546.926187186619105879
6547.849360757134956928
6549.12986310025603899
6549.691789353554554081
6550.283449195851965903
6551.606750606022885379
6552.137913651264489877
6552.82268678568406959
6554.188696830806650401
6555.776866674192585931
6556.290164157591708536
6556.932787603161003022
6557.550866183959278843
6558.710265696090958412
6559.45947309369739873
6560.485236248453851356
6561.246375942028388529
6562.260958255342889227
6563.369421995659979697
6564.16600419738318815
6565.225896725426339288
6565.916463678861602936
6567.222123704213833505
6567.810942958576117207
6568.58511067360874159
6569.319354206848405752
6569.866289055112532484
6571.34939708013333168
6572.76854053847006194
6573.166263739421396649
6574.230084645367649721
6575.279364268423755061
6575.921041736286156123
6576.290007732859411697
6577.842444727393527692
6578.668340544979109385
6579.281726766580351184
6580.253132475486986297
6581.106726792464198508
6582.366235017422402103
6583.647989893458266865
6584.025065236713674144
6585.15214925911586021
6585.766065749253301473
6586.365117607648683692
6587.6799350190460331
6588.13353451500002343
6589.210210194637361827
6590.863205277395462127
6591.491048592958149927
6592.144011228696277901
6592.84595001005701837
6594.035062429382218503
6595.182141381570587384
6595.672779583989083249
6596.500204522654024232
6597.265170319666012149
6598.340695483692917391
6599.176046768407733056
6600.753780454660541361
6601.3474579843753606
6602.390527988640125969
6602.977753481656713052
6603.897138837148296885
6604.42716713900024413
6605.399554340270634154
6606.694580788018305137
6607.765474189113708456
6607.967781789132745463
6609.741917966225346153
6610.094415677309120257
6611.38679739599556193
6612.00797526700975652
6612.90797750180939704
6614.103829390387868302
6614.525354351744778253
6615.245604673416848275
6616.001321093093802858
6617.823120341630444326
6618.582598754258417942
6619.598203880315848088
6620.243653081768939409
6620.801846220445418157
6621.897593444352850674
6622.896150263723238417
6623.574968353803824221
6624.663719462918326761
6625.250125790551209533
6626.636287300496303811
6627.460241761985331556
6628.061836652559259725
6629.891281103415527154
6630.110418429952930703
6631.038268216502148694
6631.547698183336692897
6632.548656711797377312
6633.48400202072731242
6634.352598134559372051
6635.696775490745872128
6636.654287338266203342
6637.625363681343772683
6638.090473850530320182
6639.075753370515833884
6639.859562435562389738
6641.055120832440537495
6641.786228641866041105
6642.644283633712492251
6643.292547542332942692
6644.119902868443427942
6645.918402372157220364
6646.611795538476926164
6647.322423863212770214
6648.077919597346856684
6649.384089933557217784
6649.647351976543205296
6650.383134979861011807
6651.545139433764412514
6652.583661009993449026
6653.941240679172462406
6654.36626848623088008
6655.334573448509635876
6656.446114677313193014
6657.053755492811346689
6658.33570722937475943
6659.055077831643344377
6659.521842320747639712
6660.503555598670573876
6661.461648933372220394
6662.346720631638792623
6663.719022678308470169
6664.872916950475617243
6665.432916953979205555
6666.236097925817492378
6666.808353082496453561
6667.616350899313029851
6669.097362269837571762
6669.810009517607377144
6670.175702313964530903
6671.713778808945341959
6672.526465395131963719
6673.539418182129458582
6674.25435955393829244
6675.608127235226302827
6676.02107951486538095
6677.034062070678164793
6677.773602313434796237
6678.438197868944262588
6679.147300422944390846
6680.890098038188466923
6681.885127241568576085
6682.565640306699126267
6683.184617811499675209
6684.323087144982997915
6685.084637365415992217
6685.936244319487324882
6686.656349751517539013
6688.040741920755122039
6688.503502135193193608
6689.259935461762110317
6690.508707528538464992
6691.704920009254843556
6692.647541254749194219
6693.499651871101691022
6693.981516036087729138
6694.823702884915021331
6695.938981836288821681
6696.272310646920029172
6697.779004686451685941
6698.507679622905208532
6699.761639218128279456
6700.871368181453741139
6701.37579823687154414
6701.784678330473056666
6703.336806677939987332
6704.270589493424994443
6704.873686015397016024
6705.640106165690509708
6706.214075997798149736
6707.535168632613871651
6708.721048689681165972
6709.726991699264887309
6710.545176389561913249
6711.503024657997161672
6712.089903868122188853
6712.73175992954633237
6713.825345385445995692
6714.55246389087270478
6715.86557638747494901
6716.5583659725717292
6717.809675011431266751
6718.186519712513916409
6719.559687205051936607
6720.626196173092866125
6721.043429319701700159
6722.04766824934759702
6722.914170254797079256
6723.649784945099889201
6724.573284418511836133
6725.062801240417049298
6727.203484213404062512
6727.861353028848182557
6728.191087298997566738
6729.486019096450881268
6729.895237293208604272
6730.934946661614585472
6731.961248879775819856
6733.013197272611141044
6733.352651970028390789
6734.491411333636662661
6735.744523774782003485
6736.409605357799291284
6737.651227900498382903
6738.297181091919082992
6739.552413812180720817
6740.261721734861135812
6740.457697493020143148
6741.366527617479605164
6742.674048332693447913
6743.672183245423916777
6744.725146506183853075
6745.670849832026453706
6746.593080879846614749
6747.24243789056056904
6748.029172419816689359
6749.031010237307091294
6750.213685342222456003
6750.601759539744663443
6751.786325711448180642
6752.17802036110466432
6753.436904757142662666
6754.80087027466356073
6755.929060721253845734
6756.349056164564972445
6756.987912268812942231
6757.968818185654720324
6759.040586961104749327
6759.501932128259026161
6760.462459400594763556
6761.720180324828193424
6762.871493911747016514
6763.550805103910999889
6764.315430966511304557
6765.177507003465537536
6766.626418343841652528
6767.055387842126734256
6767.826497444045622222
6768.762729472866056369
6769.585676837071952235
6770.09387939638827754
6771.95514842485467735
6772.495692995084200295
6773.740383049481132322
6774.57294680257648777
6774.993840108070157421
6776.146685002439899344
6776.359235997386577487
6778.09485951430682459
6778.684172078836788787
6779.586018071240762024
6780.217537107730548859
6781.893987624381506299
6782.353593658482034685
6783.353036592479137668
6784.369341123243433921
6785.226455746954204132
6785.783415364001986319
6786.860012200988476773
6787.190723306275850312
6788.359287917739126642
6789.795642994313058018
6791.028915455409257058
6791.376409715538111162
6792.196698981655281079
6793.061593444636023625
6794.096623844172679734
6795.007815668104988353
6795.896919249778716355
6796.295555003895799939
6797.774135880902573258
6798.36662561490545553
6799.273322354985476573
6800.772051417368809074
6801.656988280415670246
6802.224132415900248371
6802.957130339654625849
6803.905959480592527308
6804.369622404881331678
6805.731785578891033594
6806.401467743143591087
6807.689586081386919161
6808.690301596814086008
6809.403080163782453274
6810.366331181320559174
6811.157036390080747422
6811.850764837749860845
6813.242160313709271537
6813.937310608287777888
6814.462465953229768722
6815.08109630712081608
6816.335338647445576804
6817.957478321912094698
6818.595648109209083013
6819.200378865703849335
6820.389495636155036866
6821.029054304978064052
6821.70064004941103409
6822.503719518652592051
6823.687203033240147964
6824.619085022734086602
6825.430833430179870845
6826.694558727105861094
6827.215195839816884133
6828.196024115884701487
6829.600399880406286304
6830.083027378227155651
6830.870213620891468953
6831.545028254602545633
6832.556238235138791472
6833.389260421885037647
6834.177858652429410016
6835.801628118651539463
6836.654339308383772622
6837.608007663348725497
6837.961927128307276993
6838.573655317860400837
6840.160959158246494658
6840.629444018781627922
6841.652128808343942706
6842.56840674092362713
6843.097716812178783292
6844.542069426537534636
6845.395596546573883273
6846.43760064934737669
6847.230869124742914958
6848.211314779061851932
6848.775908203615052959
6849.879668262096546293
6850.113716574132433446
6851.11591127018098314
6852.988639447484518835
6853.366485079110907378
6854.363467096818185343
6855.292491816872685885
6856.262283256445674628
6856.760131671617136065
6858.049411800569507686
6858.558429214375931473
6859.922463959376645318
6860.187858899368237635
6861.108305661411744999
6862.251552326197145827
6863.661560661965656279
6864.468078714367562851
6865.320196229558065052
6865.947533329557641255
6866.605957422316035368
6867.507291743346970999
6868.582153641689892692
6869.56912774768338005
6870.024934550840447951
6871.789073856701230308
6872.372448382001805325
6873.072723613971619286
6873.934694034237886277
6875.153324099613909205
6876.145315861663271239
6876.698117410310699919
6877.237646576932945636
6878.258863124613273394
6879.112421812894310957
6880.377942410603945154
6881.68803838421299346
6882.445197358525480424
6882.838577211128884513
6884.181301466834897459
6884.701384278516588906
6885.263282750261075292
6886.623661119115166549
6887.549968308299199002
6888.250992867099980875
6889.289681088247413622
6889.977275509068076959
6891.537372835463676605
6892.182738260615848907
6892.95097650211740862
6893.749941560475718335
6894.725796291228656646
6895.615387172348146576
6895.840311975508770623
6897.082003225874090401
6898.502343014077366875
6899.560414678553368803
6900.318742990244471813
6900.858109754849048601
6901.834315321034593849
6902.578676872228000127
6903.937998227294608232
6904.535186364931885593
6905.14066143864282421
6906.094062894561701902
6907.140032630438534529
6908.442281898069514516
6908.903089541293175106
6910.472255698743774938
6911.048924563071870949
6911.819906831133613326
6912.192144576335882508
6913.303555547399906418
6914.187543371084914189
6915.329117315662021637
6916.245063928928405585
6917.216468424075303933
6918.357587013807053378
6918.81735666306842132
6919.750351056099085958
6920.967473414749140981
6921.483827935222737793
6922.480973999156809453
6923.35403404586596563
6924.145884035742862226
6924.460427819388622778
6926.654831366046147528
6927.286797837689678381
6928.071663256565796868
6928.719431898000446691
6929.62705191305481843
6930.528890049633507651
6931.345058650023064605
6932.023250807393651399
6933.304572524187526106
6934.184535983210836825
6935.045370894762329344
6936.108134342433076238
6936.738749030301819205
6938.142460069568626878
6938.676824998127832652
6939.728174416738697917
6940.311344603755431247
6940.80264957994234448
6942.049400324626645127
6942.947798550565800961
6944.312163919004826902
6945.071500563429420712
6946.311464558266439893
6946.661391100811537993
6947.472631963527331467
6948.143968613256257509
6949.584246728472921252
6950.558031839320896687
6950.778718800412998845
6951.731756770673123295
6953.170717240902670701
6953.807636482948455533
6955.261558551968333255
6955.78844153482948376
6956.546043636552543011
6957.755993703882666447
6958.032891659783413723
6958.980843288755212139
6959.816566484797288856
6960.901479751520560936
6962.607412061679611579
6962.870225996555972474
6963.680284481358137795
6964.533684079056983524
6965.796786754972453267
6966.478635398840768137
6967.140998080977025715
6968.316501086579405632
6968.801828338875531661
6969.932237760997579291
6970.535368743666095254
6972.095936145753045179
6973.262414596906810491
6973.654656489082174651
6974.591510670816890614
6975.295197954234737505
6976.008257662877909532
6976.919054490709277217
6978.181615018905786893
6978.842393158954944081
6979.762843417411989685
6981.004332176592048615
6981.976866683824438913
6982.397415579583842934
6983.385289848010187647
6984.843874844227763375
6985.151721856232827493
6986.003674960956854426
6986.850633675517778282
6987.254126322794603962
6989.031870465207835354
6990.113171653688788141
6990.678711334833491419
6991.939520170368063273
6992.27549825583793439
6993.159083827505527622
6994.10997841756084361
6995.03933973300880151
6995.81935187568579475
6996.88697587042344434
6997.808697348917284883
6998.4987952221067481
6999.682678654556482297
7000.717687588804520294
7001.855900890755570654
7002.352835851475362797
7002.691508680539825366
7004.043723499328676868
7005.06286617492058138
7005.100564672646721569
7006.739662383949113277
7008.114742057394907885
7008.817473633254875771
7009.367750707149055191
7010.354080472365113727
7011.00050187977859691
7012.236145978958738812
7013.158434223638977244
7013.706426479037484028
7014.629880155081963656
7015.280466924209277155
7016.721610295662351076
7017.835435823635604749
7018.482223807743739216
7019.43779694602994695
7020.435877382540453775
7021.023066109284517135
7021.657557247157584236
7022.295224444044198229
7024.042832031590761085
7024.455165702430643282
7025.699304046243291947
7026.594723731796115916
7027.308306663739731992
7028.454474427452097967
7029.026736381393912942
7030.16093781244498928
7030.916480678158892928
7031.735908085673076426
7032.326789393164393369
7033.374833299674118654
7034.292019875183257064
7036.042983450235812375
7036.590328238250399347
7037.287650971198777088
7037.826378791675526336
7038.892159117755580599
7039.724690853086387157
7040.828312058801062411
7041.380467339997152728
7042.367190690242418631
7043.660231421896634859
7044.64489554627136766
7044.831635317058962758
7046.487185180729160946
7047.225072049254600176
7047.948438454179356413
7048.949401863969611286
7049.280272516699045924
7050.297213171848727088
7051.126075603252007966
7052.731101998176729283
7053.529831409840681782
7054.229325776320041344
7055.362254325911678438
7055.986004943446230537
7056.614758134821366306
7057.64085933348547523
7058.629780453728365221
7059.889596893714281398
7060.046570771795757338
7060.897300346828624237
7062.396671827488136295
7063.516698792150707564
7064.111543391215279602
7065.149328525932623226
7065.783828580669743194
7066.700657475163889409
7067.232275507839840039
7068.407664647505675319
7068.910823584890744833
7070.631775541777319225
7071.257549038736809349
7072.437115054569182652
7072.983187561458542311
7073.466662994916896016
7075.067136414841138448
7075.890873553446810904
7076.342464150185170779
7077.065912471997059903
7078.271618865431295068
7078.931890804248127581
7080.137304262413800336
7081.329045567852685921
7082.278642199872636601
7083.024206212044799031
7083.620734181047377859
7084.299067796783284273
7085.248728797866419574
7086.30673143924499374
7087.186239237289823522
7088.172775646456949959
7089.062481920448932895
7090.042338353993702466
7090.994773908901678516
7091.867503872859784602
7092.676342251268125352
7093.502511762346160539
7094.688695951538395813
7095.085720383148760779
7095.725602561609248706
7096.634105638254003507
7098.543092299949014519
7099.105747706266985255
7100.148609518812446672
7100.374674131554192219
7101.805060778171165277
7102.32635049487713008
7103.038586280858889406
7104.510386060178508134
7104.85365342933574864
7105.840204617922114787
7107.089407119066238539
7107.734543391730367236
7108.776071695753780748
7110.001860578941238973
7110.89029424912293482
7111.196220368459286453
7112.280552946116879412
7112.700332233813381974
7113.874906598560373111
7115.004276076471146822
7115.66672917702619419
7117.412224324585836683
7117.750925734540749607
7118.533335836163064078
7119.283665360747586548
7120.250769053210314435
7121.421516882193200159
7122.205851773634820087
7122.716594278005179082
7123.681370582503830562
7124.489058108263974324
7125.915836857431560205
7127.035111899373219259
7127.56988323784404591
7128.564326582400678445
7129.114147836605343973
7130.329985123599288707
7130.710717138684882068
7131.460814545008116453
7132.874807757900636116
7134.00393765702334085
7134.723114154968756594
7135.384622834066491497
7136.640749182656053431
7137.288235953503696045
7138.467686063100900558
7139.026902843552392658
7139.857139271782894587
7140.793842097438183196
7141.546892189483639602
7142.172195163232959827
7143.97107706948913399
7144.642672074679686382
7145.706891491172549903
7146.385883316661609009
7147.152214246956161741
7147.421342255999126043
7149.102831303930132018
7149.690649365278747702
7150.675386373472028704
7151.241040722670503615
7152.673138348752848444
7153.629414430155319317
7154.183565146983572595
7155.22301655871597184
7156.48376709655148957
7157.069573699554205764
7157.56000913394978781
7158.479721559110827679
7159.230610392881806857
7160.332445434675981807
7161.815172321187023653
7162.637987016803280796
7163.137487199212247559
7164.371935918646641892
7164.711987143345429787
7166.042526862267983285
7166.532447389484476562
7167.595613911397027317
7168.643915100565886512
7169.192035856892491745
7170.16150160552392534
7171.135705960460137187
7172.806744272893638601
7173.355088187846074002
7173.622770905666702376
7174.907955975350730354
7175.54747851979127504
7176.380745980891506396
7177.135820086710826636
7178.280438268983539456
7179.369326560170893493
7180.557671965447806273
7181.140798188647013583
7181.855662361213025117
7182.76164787743305112
7183.850495116685954875
7184.720859712183550447
7185.725322573682124313
7186.027941311936880519
7186.689666428596897025
7188.322594508839107086
7189.145690499370158632
7190.294612842870593035
7191.067900937835491533
7191.98373331258308431
7192.682398727873787226
7193.221050146965582295
7194.053741291015091078
7195.421790712331106853
7196.187762765415781638
7196.957814200186857688
7198.143606364030357704
7198.99345320682358095
7199.744478634550894533
7201.057149777088322462
7201.57779402411579216
7202.481414823114816403
7203.172044686859406747
7204.265486356892517035
7204.764022449226842027
7205.523076974799073743
7207.44501711469326582
7208.190170854146141915
7208.927724211690135738
7209.383550025775725161
7210.413788577275150586
7211.335323495701183315
7212.363396768572118346
7212.963407701593349104
7213.836766767376605856
7215.101957542789342263
7215.532729521918295096
7216.953096055171436396
7217.710867056885423203
7218.731285313752465339
7219.713045159146933854
7220.432147546481222227
7220.784711972810303879
7221.858048232402909753
7222.5388632526220048
7223.961329509093138373
7224.960275793196593619
7225.664637285446599002
7226.826232421187236917
7227.670652097844863188
7228.104973435514036585
7228.963984592910047737
7230.578979849759592007
7230.781896557172307256
7231.712168225955255454
7232.507337222348557661
7233.305725601915946369
7235.032410357939797288
7235.592047601008263784
7236.715293141730841199
7237.292700988194176736
7237.923815549652487996
7239.107138358641192604
7239.492824902631269042
7240.74457458011409282
7241.383737522915921152
7242.813003428781172547
7243.908367802515763733
7244.194739883836286631
7245.048351170916220498
7246.521971661734763371
7247.172743211685886603
7247.98013516489796858
7248.558877326029450882
7249.575515820298988963
7250.311306882172284723
7251.235573152237103404
7252.579133334387534519
7253.776967720476614619
7254.381581372636949383
7255.040228434971738993
7255.894616493427658477
7256.728742507302461038
7257.358809297469850227
7258.884140087888311105
7259.519592696918670544
7259.970840182008702069
7261.333797702849865959
7262.445974054864136497
7263.122832007638058256
7264.272994053367815024
7264.748248090300387315
7265.962856285730425838
7266.825071623350184689
7267.02257281092324905
7267.851161907388025442
7269.281796531018220073
7270.665196022362393679
7271.162578225273133177
7272.293916094605082827
7272.756819678747073989
7273.701234074715900568
7274.639386093656458108
7275.692946628287775442
7276.18851097978182282
7277.31341750635001173
7277.911194920978544608
7279.22632351583341674
7279.768521282346233808
7281.316094067057101992
7282.176167149542507676
7282.817681698420671028
7283.495775763902552397
7284.023697897273047769
7285.277302369637128836
7286.139694204905831124
7286.779238865985828164
7288.267170428100978003
7289.103758080980736402
7289.940276827100235647
7290.821429929111279319
7291.290043575748966574
7292.741249445308596369
7293.403109651341221108
7294.204147964223233268
7295.048894052715275701
7295.564849559881398992
7296.57161904298388813
7298.368684315504602304
7299.138848601880261485
7299.336571426263320007
7300.763476874868297676
7301.581317104950424209
7301.848557608593614592
7302.917875819657265136
7303.84390068281406418
7305.060287115027131041
7305.818161576034004661
7306.637205578428387127
7307.660752633696008529
7308.671664974055799649
7309.497903971277161652
7310.501357045358307445
7311.19095172079951408
7311.881145968618934922
7312.724372391775215874
7313.555046083626767563
7314.449131441170571386
7315.755628547018349159
7317.100250555245665362
7317.553738653384640218
7318.351002510428594161
7318.87199893791065527
7319.896757099853641876
7321.233781570092830227
7321.717373427289606437
7322.5687510530779152
7323.243983122767672892
7324.849333141856509673
7325.22611514993492309
7326.444102995292468809
7327.534497970134863706
7328.283514383425177515
7328.861171711708020379
7329.815578232490447791
7330.5868395335802753
7330.970858435755318793
7332.652130477497609658
7333.51703338761233602
7334.639105970603126068
7335.193963690995500537
7336.016820436064203489
7337.312223967157482777
7337.649201460033123598
7338.621251438964497619
7339.763136524200772066
7340.495964530858441117
7341.172411124238111707
7341.781448952951327102
7343.507522665944163527
7344.429407193065457156
7345.413384428055544149
7345.737188186168350015
7346.698927085315089508
7347.601440600781153653
7348.226470588923094624
7349.249777628818701547
7350.34761871370821942
7350.973256492759165253
7352.631847583570032761
7352.880430233791917484
7353.913947828911691922
7354.584625580227641599
7356.076801101874458613
7356.713901537035419773
7357.298064962759905567
7357.82992702495891301
7359.02242406084025934
7359.818833444008357428
7361.267013426217842891
7362.058134431228568163
7363.10259114902847074
7363.822093867508893237
7364.469761389726229405
7365.120059910441376046
7366.176826462235344939
7367.444805267362586996
7367.716583625250539704
7369.211235568974283401
7369.532613631588597855
7370.778296043783205148
7371.987960977816102732
7372.805047996384431372
7373.424035167817824411
7374.349391958722387603
7375.1992437622679155
7375.878151643688935722
7376.873649474445420756
7377.190089316885776702
7379.332785005437798853
7379.979603052970017437
7380.464011573217246398
7381.536932090845833017
7382.222713356686497953
7383.173523724594820141
7384.202396205880081704
7384.924513067149952468
7385.752633651786959633
7386.461552514135297793
7387.542420641697263857
7388.629535056729806573
7389.584509291652398878
7390.664177739965680684
7391.440259727915676237
7392.160733367933975895
7392.988605528528395612
7393.173269331163408868
7394.711617877432209774
7395.693962379837779998
7396.403273585961691028
7397.53193366501340386
7398.751920761657179478
7399.22038682014556613
7399.828819540750104141
7401.354181203370289683
7401.670669618894287794
7403.018090817923481455
7403.4489230180438342
7404.103468670983684071
7405.071527890625336518
7406.434875899130835247
7407.782772520035335434
7408.318442247684754667
7408.961023091149374355
7409.69791009998890155
7410.875016639208371853
7411.47557880115783313
7412.213344651957668831
7413.32858287776319853
7414.418814788438288698
7415.18065015704555626
7416.269504358515811869
7416.713391716671162192
7418.310509223290436967
7418.988098353758021811
7419.537617023206762725
7420.415913275070822033
7421.420781813852902728
7421.806962622241659046
7422.910687407876036752
7424.220735433382475014
7425.30620576307238795
7426.042615765489458064
7427.010358315736622728
7427.618882172240882487
7428.124246616228754628
7429.350889131061105351
7430.555368894859813644
7431.156635122250530927
7431.634303466920622693
7432.740669966663169448
7434.041575198198332453
7435.059191589477996769
7435.590441587655234259
7436.766516776394436176
7437.658181522263560917
7438.125995042938220623
7438.872215940764819609
7439.737648719435252954
7440.703121048362775762
7441.969323389231602418
7443.17116086286101403
7443.628394354244091403
7444.423866228738812197
7445.518979786399835818
7446.192112312270061348
7447.470379601740188309
7447.915999950696172335
7448.578846008307472558
7450.026851981019403052
7450.313414658015021853
7451.287377006888543481
7453.156333014424156858
7453.562255596974916591
7454.501150895424585067
7455.111599984896281355
7455.756248182660499695
7456.879264173984865474
7457.555015683983027278
7458.758896547601961142
7459.317916595858025071
7460.742319218625349082
7461.412836776340541522
7462.345119229532087409
7463.241034353370796999
7463.953428492880504502
7465.235332546496178727
7465.873648618118889695
7466.509567399981599686
7467.2368920027609914
7467.893516230214783151
7469.742312775720609147
7470.410694722724031714
7471.316153957136808768
7472.216337834579598658
7472.938452470044806958
7473.801923221800201405
7474.318375560986580075
7475.45714846555549378
7476.661685380833510108
7477.126117162264961792
7477.990220376344812903
7479.36080387944227182
7479.826490146604122632
7481.270585133406120668
7482.088353049577709046
7482.760970559226408653
7483.222684506732783257
7484.435406371245882189
7485.087260837081238577
7485.836110097768982267
7486.980574712563132692
7488.341398400302638447
7489.410793262698826949
7489.80164995982797669
7490.288466891315745374
7491.480237437946742721
7492.871177010946583664
7493.000605946223722584
7494.155593665298991218
7494.893354720954617007
7495.620535550989495331
7496.903234041265436848
7497.876666871169405678
7499.018375212885305176
7499.635017044756982193
7500.520758701277019637
7501.394356540355174081
7501.889601165814580332
7502.606128496650192893
7503.815822095972240799
7505.007627511302185423
7505.855760749127102917
7506.458777844248823248
7507.881582709907876082
7508.32535772752473109
7509.362857972487927527
7510.062014246713988978
7511.26815209543029592
7511.831550094300016094
7512.639108892178797878
7513.256478602329517954
7514.327458196641650422
7516.017338757152935859
7516.682865383154419165
7517.316546882907393634
7518.23392204448454853
7518.98825529347743786
7519.483808585253547373
7521.095478308028223922
7521.418960158709423093
7522.235955940900267237
7523.583809962573676566
7524.576063140947031561
7525.117755066564482271
7526.077888669459256674
7527.339243900151827795
7528.255945298981904694
7528.618824834709755726
7529.572439683574495872
7530.024518136625101719
7531.443037755095599093
7531.918476003772679291
7533.701788860477887536
7534.196176756290840935
7535.269416746331117322
7535.79587963811630949
7536.852140836628031889
7537.312581103595125673
7538.513844107824489427
7539.507181192063108875
7540.227539900590182996
7540.952212400233503608
7541.719927233003954429
7543.274086810604132341
7544.143089597874020441
7545.017282211273549769
7545.469645335592324132
7546.619778438462273517
7547.346464375364075455
7548.163928908409212917
7548.467009257108447356
7550.120472174725836335
7551.093890396879284391
7552.050977943308287753
7552.915722719904331474
7553.422599595428144354
7554.415064430765764782
7555.63698699843411098
7556.21563332034949694
7557.123848469489221596
7557.731650015266580737
7558.618693144908484288
7559.643376318825209781
7560.829820023239967472
7561.658959993991355611
7563.182814437627661037
7563.520415699232741405
7563.769301891219881044
7564.960243676845744017
7565.73285340386478035
7566.845322430019350954
7567.866531115936457129
7568.28906760223502552
7569.797165105977979193
7570.547137990415853219
7571.28128937795661148
7572.278993977846617981
7573.255184306472245964
7574.046802048448207899
7574.749888838462338169
7575.696668164665144319
7576.268605073816272951
7576.9057705909523768
7578.917486664980541745
7579.597757316370979854
7580.280088977226210363
7580.959830819929112069
7582.031705549502287524
7582.802983860871466594
7583.462734774582125958
7584.486959736256362491
7585.469517629117947942
7586.234994584177271235
7587.283239491649158879
7587.890350603440194526
7589.356254115857285823
7590.120871486676802837
7590.918224866148663468
7591.966193812054308603
7592.269712605830106361
7593.098313959197637431
7594.102742542237735401
7595.077658168319632538
7596.016212837787818209
7597.414985716674184017
7598.007882857832747009
7598.982709953076319671
7599.565154718348067712
7600.130858727205791939
7601.751366014514473666
7602.40516347040884178
7603.022366327148150365
7603.560678579999710349
7604.831196490887741558
7605.857934326610778177
7606.994882980089870274
7608.021354122684644586
7608.420807870141017376
7609.673607809897104059
7610.066214264622047546
7610.854490320338829841
7611.794530221127641005
7612.682249514443941397
7613.94912548298428441
7614.91101908095560689
7615.589706732948507626
7616.361441789906642698
7617.490687417529440384
7618.506225529719278434
7619.109221400457056568
7619.749441833420331976
7620.983924855111797212
7621.693574971434539229
7622.017492708766276081
7623.423298545593234227
7624.987382547289350556
7625.594493501390940917
7626.265292758522939905
7627.127213556263907982
7627.690979947768927616
7628.742026441597760409
7629.642702477912836758
7630.569927977194936765
7631.506758032182373201
7632.009099304118127588
7633.651861591744363862
7634.312300238634041392
7634.771788000812498691
7636.387151486738377598
7636.82298939939534759
7637.940366202656175094
7638.23709996760379516
7639.039294910688016068
7639.934790875170681103
7641.505667573557136942
7642.166837363396411637
7643.295177167179039052
7644.035703917745626767
7644.927813313910344242
7645.331599328179891318
7646.56090568708450315
7647.399804109449757489
7648.197821584823423761
7649.210368914103978774
7649.787924743955314398
7650.778131570510468452
7651.918000850130213887
7653.356680957865957559
7653.702814986444872666
7654.580638876738525422
7655.121494572614321819
7656.261966851359120836
7656.956407644797437168
7657.717933644821738698
7658.652286327494611692
7660.264422520262253275
7660.87484247416802342
7661.578687879151758573
7662.331833437668217558
7663.456194163918995425
7664.203009254391862503
7665.444059487939183147
7665.801809429017324388
7666.502822823470848865
7667.549329156073104945
7668.365665795743934648
7669.936029946729274184
7670.581042533543230095
7671.447129920533693209
7672.450691456603432704
7673.103534095298166004
7673.740632528100958225
7674.241511064689966272
7676.061473908754227927
7676.40451706415697875
7677.306367425822467274
7678.489609005653850841
7679.283816647054637063
7680.369729689470264733
7681.049611798072244771
7681.945482259358269764
7683.018167363956136132
7683.593964876362590003
7684.205667991135766027
7685.305556834081107177
7685.782993532922828186
7687.51329301522924511
7688.591692890071840322
7689.156619857496179878
7689.85800108312088534
7690.429650782193157529
7691.802176533043543838
7692.342743388696256126
7693.47940139816183319
7693.897005960979791102
7695.112272417748508678
7696.136385041082438525
7696.779476828299612156
7697.898469111742158086
7699.071025944231010177
7700.036047546039263505
7700.216724379954644693
7701.15795457219802158
7702.194731381937569855
7702.589229875584176818
7703.831003124176732072
7705.213166786040930603
7705.703216887985849266
7706.962196191279691519
7707.736760360777352592
7708.22097263206162792
7709.242640641286697041
7710.123839877936255233
7711.223648931966409489
7711.928933800227467301
7712.779308288258003799
7712.908648889921598175
7714.904975654682960499
7715.806809192833111791
7716.493161846611898041
7717.430625538000418881
7718.209439895409993079
7718.871828009921132073
7719.753486074996462536
7720.412175074541478009
7721.553996963717986383
7722.557228801705185151
7723.61828222112613563
7724.440916671356449555
7725.242870633078969451
7725.881074558964291256
7727.365067834397736031
7728.154537020827551332
7728.345321205481334142
7729.508444298457516567
7730.156710684247130548
7731.326343492595781144
7731.90460401660742687
7733.551152377834453643
7734.637209896445598152
7734.799051748370926483
7735.920191802878703575
7736.398982953628865109
7737.281516673403699877
7738.683400514950360376
7739.076079126563653947
7740.113547443324926016
7740.932128954655378909
7742.093826817392463537
7742.861768148461114881
7744.168742339143767238
7744.539185766441797892
7745.564177665551761298
7746.617972149764558274
7747.262729142251268794
7747.603843256256533154
7748.560899267973341833
7749.950340468416227155
7751.417942590560582959
7751.732240722188094575
7752.412059063885662991
7753.8125641242163372
7754.165808072856884784
7755.042744738049505041
7756.140545944699437312
7756.961660293782967792
7757.748648753477629802
7758.441967610163541339
7759.592954770951883868
7760.470136603880948987
7761.852016416726361594
7762.516669838838029439
7763.365536637485458844
7763.887943627448154941
7764.629540608917180513
7765.580549321205474182
7766.648068548923342018
7767.34736142724087847
7768.417093856476459672
7769.913327770865059742
7770.261243682984075318
7770.98388684909110767
7771.801935593383812456
7773.152164235817351187
7774.018899975771259936
7774.296269528577907836
7775.448785294472871319
7775.977608167172568021
7776.955377123453457053
7778.619618817802508565
7779.147738368911832331
7780.29414376008989041
7780.791631249869122201
7781.70370373755358542
7782.448108668124168756
7783.333189556128682634
7783.869822963324538797
7785.54321201620633814
7785.972158398128298984
7786.910885163880594502
7787.847577241957042956
7788.942037729745572211
7789.846487233922963475
7790.584748288393133063
7791.498122458369868935
7792.057000206961825023
7793.208438102891880382
7793.731179349188774253
7794.330647915022066704
7796.167939908259864931
7796.882750797398516422
7797.939994785891134969
7798.642876532039964212
7799.027356176224375826
7800.048866699561676677
7801.085965692595485259
7802.278136743012408001
7802.563043838598344068
7803.341640437309176652
7804.662539155135742323
7805.651244456075833297
7806.365526757544997433
7807.453947055253566164
7808.521694540726764488
7809.148095665498994222
7809.949348552199654273
7810.24642277910785845
7811.42529675486582219
7812.392880857759970509
7813.480751249711268724
7814.556090476849723611
7815.586939345173126557
7815.855841174666006842
7817.152637267742354138
7817.796685739582704506
7818.660115006317333579
7819.635648031588547838
7820.586397432231386482
7821.053880222406446645
7822.094093501539303657
7822.719034353719052118
7824.645471276426298715
7825.27317725996579755
7825.827781341021992359
7826.471180296940809471
7827.806459758518663661
7828.125195235319679025
7828.993878289369157228
7830.128538967395252916
7830.877581937871584465
7832.274462692866964308
7832.82449459366801402
7833.920755248590559109
7834.383065914865345428
7835.733258049544986127
7836.463501636442424125
7837.396947490325014963
7838.064178062146856258
7838.482550842813393207
7839.568362838761170904
7840.782349085685853421
7841.828068608777058984
7842.773773977402605945
7843.741048100103646324
7844.457429440748946437
7845.080327763865381413
7845.57614718645676034
7847.000089158636192512
7847.835966138221770959
7848.647013323947102821
7849.322974184131110759
7850.381575865228688836
7851.749375193902068485
7852.055533000644163573
7853.536887110030167455
7854.099209290602833639
7854.705243499414603996
7855.730232864411345875
7856.589741467901698421
7857.00748021024198332
7857.998247520007615201
7859.8638765920346313
7860.360848829582000532
7861.074293126312700439
7861.968307522175352955
7862.576808489509429539
7863.886469839469670605
7864.688424186120414884
7865.047548549886367147
7866.327295716897213911
7867.142338041973441554
7867.701391247108394669
7869.054058996961532802
7870.100532362201615577
7871.026268506168110537
7871.891593703722377116
7872.421051360308705767
7873.258974733154921013
7873.857411725421533408
7874.894281010700568691
7876.081256282227586569
7876.811378416846240659
7877.833953052452128989
7878.910611220161473491
7879.774371317584962201
7880.24792499761657637
7881.172597090475712193
7882.440411048756300168
7883.219132091240472106
7883.739288678191780173
7884.386136360235803274
7885.310055570770696999
7886.697844124513243934
7887.902634545408345235
7888.582508384610721214
7889.247759852946294901
7890.199885171151219288
7890.829109253514844101
7891.738485147038294194
7892.471581268803168606
7893.753775748136240403
7894.146224240495582262
7895.752701737036691892
7896.284146796155547983
7896.810706211280631983
7898.443975525827186708
7899.18938768644426943
7899.737784133993088377
7900.699743497209642626
7901.203724772067005804
7902.431940428291098475
7902.845882347639871461
7904.000011350513545594
7905.495359792199461356
7906.307057653093616261
7907.033279619341611963
7907.462023026751422203
7908.754089324921159354
7909.071081108475123853
7910.496345642476800768
7911.290474750288817285
7911.974654015073718074
7912.521894757600126175
7913.958900163054718318
7914.898228655281866868
7916.139083618642743847
7916.249620362815146868
7917.846984218910823946
7918.206299766420509603
7919.00950341364537837
7919.702077252900915643
7920.39491784503645415
7922.053034576523126393
7922.723312421270849872
7923.710141380545326057
7924.582047217101688694
7925.391338795337065414
7926.044750271575199116
7927.227859749140543147
7928.007764629537458698
7928.68423475110828516
7929.540229147085190267
7930.60494125526927701
7930.948076826018471018
7932.471666174170835473
7933.645643224237610617
7934.49541530920967861
7935.214648402931288145
7935.570718561864098031
7936.442237033273580418
7937.745180588848000266
7938.31557407955654783
7939.086639386133534157
7940.354012879286253227
7941.26568375024598131
7942.317604788917489084
7942.745097903532139214
7943.785515988011247945
7944.95951912658211481
7945.740693786376979609
7946.220788193227622596
7947.289771165853284457
7947.729600273440278889
7948.634211573243663158
7950.265470539734325893
7951.31403064973424423
7951.584851706328720173
7952.79448927223575929
7953.594656971265633749
7954.308997263478397736
7954.747608585548029161
7956.152267105715985155
7956.989578249039266366
7957.947945783214972351
7958.317455921222641341
7959.688750437558963074
7960.66137930781804151
7961.64959687638856622
7962.562547058959874145
7962.956507789985675673
7964.203600710387342469
7964.684089862521197359
7965.315678842991650231
7966.568849824008191751
7967.266107538539484996
7968.909886518723575729
7969.62944035055873937
7970.220548110803347893
7970.84792824857664665
7971.82133083094743141
7972.995331891869346341
7973.804869056249173435
7974.458129757064833435
7975.017853871007803203
7976.207792148187416362
7977.291194443747992312
7977.975322928936677752
7979.419830145943101757
7980.244153621042555421
7980.592156635668950008
7981.677158957607382229
7982.329229078083915641
7982.856726483099919423
7984.194787625831126485
7985.078461489260768107
7986.11627156862228208
7986.989921279801373112
7987.776841671902316794
7988.826884442917022877
7989.527182533595759997
7990.46473005440961972
7991.154615188094188183
7992.449601868436449372
7992.775448790285504386
7993.53552009577722195
7994.268276831975995602
7996.32587355047967412
7996.702938035545649381
7997.562596959064329775
7998.50362170013320262
7998.960515915091193449
8000.086767551567702851
8000.654289531123154565
8001.827414146493367979
8002.504226795772844961
8003.544020732094889607
8004.486900352285943621
8005.558741555964987514
8006.089452661674785614
8007.166316113007589013
8008.486686298687256589
8009.024278312770174065
8009.38393640915818952
8010.212236319678885917
8011.469380858899632748
8011.929391130553675718
8013.442022089037073321
8014.276774716246914729
8015.371885937362163721
8016.201731490309621459
8016.491199874104027826
8017.361465467249648704
8018.637826606620458282
8019.356639065828380857
8020.319689666986007498
8020.837459741009345913
8021.895481637498504234
8022.717489709397734452
8024.403582467122442405
8024.670982458976817363
8025.752452902289467716
8026.391854103008163501
8027.305874159539237493
8028.124025978591543307
8028.746401313329196403
8029.407822326108269609
8031.058009786897772147
8031.951322173809005468
8032.793383790672800698
8033.269191957556393454
8034.386240870654088612
8035.393242316707517172
8035.9995109701877845
8037.034489891821633977
8037.803468786898599192
8038.428466931308487948
8039.310951894776003402
8040.36377417374487998
8041.485092078732326046
8042.752607553648801601
8043.228211967930747454
8044.222079323645538987
8044.702036441095541902
8045.412198483427385638
8046.349100762353517915
8047.858586760628135575
8048.092532351143652261
8048.93901867155003519
8050.707855425853340518
8050.928553718142458564
8051.826700970998912325
8052.854735733884378316
8053.850683691920779332
8054.632075493165131343
8055.387536444195615897
8056.043545401502731411
8056.628566090335279873
8057.849854094792086057
8059.163910470731256632
8060.41057395789034124
8060.656750843521767939
8061.432878644980935724
8062.591530739172964813
8063.105008848429323214
8064.205515208021546035
8064.758371516304114275
8065.960611559453403165
8066.852181448751743335
8067.499979187696302931
8068.480997184477666049
8069.620473525597569736
8070.895715103643613391
8071.223812048207729738
8072.006261155453019492
8072.891660955189031313
8073.661638198679893001
8074.476781796316090572
8075.212479534271771217
8076.604646442832458785
8077.693139054215131085
8078.331290952394039326
8079.345222788619861784
8080.039511695499972681
8080.371623669992276647
8082.095848368999901692
8082.727357334070038878
8083.188121262285369972
8084.353898815797597109
8084.627810373944182404
8086.389367184023677644
8087.201332969661035533
8087.989215922948171408
8089.000277331536377836
8090.011702435148623504
8090.302075183276961722
8091.013047475937122581
8092.013186019190436365
8093.056821600834072128
8093.960796848973932363
8095.226429752914992412
8095.644649780624686747
8096.881209450584837137
8097.422804533747450727
8098.601451658408618468
8099.483713019982450112
8100.03395489817998268
8100.893317320693282347
8101.847479883354213884
8102.65289191743553823
8103.081247385376049424
8104.959580645941506927
8106.001082599120794884
8106.472478547109457759
8106.981007272883090767
8107.9900306256795235
8108.858614987058085842
8109.690218971911536724
8110.637684029407507005
8111.447479981097813546
8112.264753495158791812
8113.552643128010852877
8114.167019842272159955
8115.10735848281771303
8116.251266964432260605
8116.864424633298153199
8118.004737871154121547
8118.437379653194858339
8119.287139450122608391
8119.64886209855116768
8121.226751668284966092
8122.361423445455769205
8123.010669984642826119
8124.184278678352577776
8124.843587425550850858
8125.50162693746013036
8126.529528436144386712
8126.964551002275042778
8128.592208780040464649
8129.09763257009948925
8129.501991536929023982
8130.717735754437812813
8131.714724491744096804
8132.854767682930931738
8133.952804659217480537
8134.457140991120848305
8135.253151706349794283
8135.925988506041781701
8136.958578382118043982
8137.609942436052420399
8138.437429271391369927
8139.566538052355662707
8140.950740591125937019
8141.595750010060813513
8142.276001937051921154
8142.810496643743365342
8144.358563539670256149
8144.926296078330928537
8145.92738440772342654
8146.251283810104282264
8147.375558663971466792
8148.188405804627034965
8148.986653563428850591
8150.74061548213318005
8151.026671304605941133
8152.217728258409923578
8152.965931127600350832
8153.488253661007389787
8154.272979427265103428
8155.128933992541701203
8156.304912385853016565
8157.194764620168424798
8157.981568491565954841
8158.767638742285524508
8160.078200809919480286
8160.950122589701705138
8161.3461456332076553
8162.592140586540177066
8163.454284500946756961
8164.106957146947787666
8164.870257333309657034
8165.448818475203636547
8166.448089237459474072
8168.295104129872097857
8168.668480129248088777
8169.59383620372618388
8170.415779001677799885
8171.09511098301300888
8171.823553153261938825
8173.111533980957399347
8173.738292657767862694
8174.366180914143181118
8175.531628952027557091
8176.449213453735487555
8177.331542720256475596
8178.104666952751349904
8179.690387023258393665
8180.035752135504621167
8181.013209816269468891
8181.282044613567902512
8182.430116793736577954
8183.12999025321188653
8184.254600673371781123
8185.038683169381324751
8186.605228280465867321
8187.019086128030826818
8187.927398545163811763
8188.675092154903384155
8189.458001683713208137
8190.538859646430364019
8191.317359421739389511
8192.334649942094885906
8192.995406727353576315
8193.233410994546278147
8194.929408138006707608
8196.067584918459480014
8196.948324751570020064
8197.513353942914236689
8198.242611792508813813
8199.585117177658381639
8199.884773862718585288
8200.341952211152910457
8201.755260360195686606
8202.87664617040066898
8203.529203740132572455
8204.761729330088271563
8205.259250532255487837
8206.228375057993273773
8207.281175265221649345
8208.16760752184616503
8208.846424314350126776
8209.530685579144148942
8210.510348798943503577
8211.030888882607688749
8212.265612418521945719
8213.253267546900586726
8214.66874795419399522
8215.237624958912305424
8215.96262846975981171
8216.502661260261756384
8217.268004086898548939
8218.61957332971537439
8219.346543827538397744
8220.050014501032126611
8220.8528824500297787
8222.153933481833515872
8222.908793157701144834
8223.804093211694585927
8224.78304149312467694
8225.662484685170928719
8226.606391577558202105
8227.022032307299329088
8227.898063963536953688
8228.75659182018314642
8229.309424342824941152
8231.318604911878211821
8231.752039397669833657
8232.53439748611094617
8233.38501783593710819
8234.463093964037106699
8234.94046338808530805
8235.903077656301819452
8236.852837631773588241
8237.661239321279663959
8238.643824853558684305
8239.166099547594128811
8240.107660165186829692
8241.810539848806186374
8242.262983380447622024
8243.12612516061216957
8244.126672343004777227
8244.522473036397773235
8245.291902817523907432
8246.414750234614116291
8247.104523644822744979
8248.198015439498015361
8249.182211673994173902
8250.476640454473099604
8250.905128429843998432
8251.591930804605724303
8252.495963346239549955
8253.795261750578161862
8254.54211087324964366
8255.238100660730337705
8255.519078691640623416
8256.777714951961033779
8257.752236885288355165
8258.997998911040735881
8259.868525257801950116
8260.782502762527201723
8261.56625350789568579
8262.002122423530632919
8263.16889972610925776
8263.54104829049658122
8264.798832930119229836
8265.84742825426606283
8266.4591677264010873
8267.620802307135626363
8268.306797080353606838
8269.293837368957336273
8270.597375143773093461
8271.10298898878291837
8271.527124563273803948
8273.023727020428422558
8273.359088656960935974
8274.260748915791966768
8274.761296174178412149
8276.532087621641253495
8277.550531731380826446
8278.311044893746351848
8278.724155121671587526
8279.658220294078459726
8280.576684590987368615
8281.427733833263994075
8282.325186834637863743
8283.364230097243276671
8283.682719743919273357
8284.837059154501373643
8286.156465378322752117
8286.666088558196641107
8287.736512263615103393
8288.980436058250145943
8289.388001230432228513
8290.178026756237918288
8290.941297006235422462
8291.360592491897702178
8292.962945185368110518
8293.588170375629208896
8294.846862900661874749
8295.568517315534019765
8296.693739594805806085
8297.216960600331349362
8297.847035138319659338
8299.092930897247873262
8300.012435009625779095
8300.53636989770465953
8301.505488875302442724
8302.243478656941231483
8302.932610094597082916
8304.590585713634893842
8305.587635161418371046
8306.142916438067052242
8306.723994988386548928
8307.761913372272002241
8308.422654234320376592
8309.351684270005945281
8310.142625948198416469
8310.895266168153841117
8312.487888176029377336
8313.144211388340919314
8313.58488534547288765
8314.936714630643792217
8315.508934703107465718
8316.991697012572252065
8317.138031600440528165
8318.217082256094855773
8318.759355838360057177
8319.747436440157097502
8320.463512545590816766
8321.895686240279867987
8322.995964073077956886
8323.508788173949078898
8324.656429208124491403
8325.300636981033048152
8325.70879727819432175
8326.61973816031232033
8328.079211692026217182
8328.715589742688303484
8329.27134069818756102
8330.212048924967947192
8331.593502849681340517
8332.263071023854104493
8333.237664713927219119
8334.052726657461841939
8335.037292360082902759
8335.626392666261988353
8336.461889739043513756
8337.076040922297457679
8337.871295467132125578
8339.257480606268247452
8340.393714333008532506
8341.281554842609717298
8341.924980693567668197
8342.350313541955185114
8343.649101637255311027
8344.661638669773047829
8345.05300832344552811
8346.083112882303631877
8346.963463358863799441
8347.710096767259462943
8348.747559864035634573
8349.534979215146551304
8351.134421812470111502
8351.661547503139079214
8352.417119848341569396
8352.958073703176818373
8353.845609049025390933
8354.918549437190939293
8355.268913974758465422
8356.904040991135406797
8357.317471403422049044
8358.619425855004602392
8359.658407185576737169
8359.970765629970357672
8361.073625395230436803
8361.854099314578149851
8362.910269692054515895
8363.896584173056802181
8364.270313084730052798
8364.921654252533533409
8365.842461794979225357
8367.570202902089375892
8368.300171089583584976
8368.924192690775512275
8369.980516631728800265
8370.774259905908703181
8371.308043549177268832
8372.087574386333927579
8373.147445440275968388
8374.076460464702356296
8374.967512125239580126
8375.843575317223709543
8376.964785295105338449
8377.391886566343676217
8378.850000555768489572
8379.465601294925528147
8380.556228744111412492
8380.966154321460878629
8381.564090254533326265
8382.90550068348340934
8383.402690457030235592
8384.243264855643402265
8386.020866344514400342
8386.716772953246899719
8387.240328394949125401
8388.199827520237767303
8388.635538222305673388
8389.785194387120103797
8391.043045051889901812
8391.345769446801131816
8392.202609092721710838
8393.25338348522270722
8394.048747018988673222
8395.258153893819982062
8396.23818323103525536
8396.956726475999459469
8397.801538602677608212
8398.740715654843454824
8399.525152210574804439
8399.733280376688604033
8400.790029634321113826
8402.071249479739545635
8403.287132730923793603
8403.814434922654527956
8404.739289499232601788
8405.705195480421934252
8406.569355486752886431
8407.084863515018616039
8408.331513209208173246
8408.928736382755880073
8410.102479272850536042
8410.365241307512174424
8411.25438428865606722
8412.634141842294539538
8413.680979399162461408
8414.783450748679780385
8415.403499856647607586
8415.723254017674352204
8416.83812991814168098
8417.556527395180192613
8418.52723923045641632
8419.569109017362793733
8420.005248982217309674
8421.508390247804407924
8422.37852763541724494
8423.240648284422228956
8423.389063749008314098
8425.250971770325280851
8425.839729271377591604
8426.287467350238028573
8427.283348871030377108
8428.018573119378621973
8428.624830032447406696
8429.995855684124555333
8431.177000629286037677
8431.955360419309332734
8432.97595883297270739
8433.312480291410010887
8434.415421302017862927
8435.058137203258648017
8435.811385398177148762
8437.043923772019933053
8437.890770505876398407
8438.581508721451530186
8439.28045387701345477
8440.622495639605906997
8441.680875472000432367
8442.342548491260936252
8443.184375820362654367
8443.859358820966436964
8445.019550655988300861
8445.343743347072321334
8446.186349822426312356
8447.097012278567900531
8448.634176636200701836
8449.496018878890549802
8450.170450781585369006
8451.011051485949539869
8451.672354837663968961
8452.526787586850743504
8453.840544327521764686
8454.385593869507225566
8455.129114744626284274
8455.682201309985829445
8457.25693389487118666
8457.584956675283842489
8459.077902974867820202
8459.817317810838734256
8460.913889072826499637
8461.562867847096214184
8462.069886427542369839
8462.646579164098845437
8463.899499845707665651
8464.87854252987356452
8465.537510486056069505
8466.826335992042357273
8467.635630188771738943
8468.444307122618219227
8469.24186681820392105
8470.285462154492825657
8470.855567882220040853
8472.10675670489833557
8472.581593585823267402
8473.422142529289848981
8474.178986718236761063
8474.840320404315802758
8476.904664917529873051
8477.388694101605307965
8477.921861024891286894
8478.84281676780768262
8479.72151790551707536
8480.498098395820873734
8481.301917570463900711
8481.987757046319566767
8483.482314466079800874
8483.709365226568415998
8485.13431548305347405
8485.73159582205921651
8486.695524389842326675
8487.794494038859107169
8488.692418611324895744
8489.335843596700493787
8490.03561117805914801
8490.800705906941090171
8491.507454767121188134
8492.596487046624479602
8493.823574635228696187
8494.552018029912669191
8496.029850063820089995
8496.290002225624985311
8497.053886706817432784
8497.637356296138879117
8498.955065489744657217
8499.848538084948723033
8500.587623328917203718
8501.302755466843548896
8501.908544843171661706
8503.528225473843239431
8504.088873613565414851
8505.263513054702903911
8506.184467090154967256
8506.655630248317176953
8507.568430665196669049
8508.341839184961200025
8509.20509275977980321
8509.605168068929470334
8511.168181149292149934
8512.23729897079879157
8513.180504244766143781
8513.428366856176168236
8514.6031224148043404
8515.510306167103557473
8516.520710985602885413
8517.066793398954224395
8517.836912409938603995
8518.99422923028154394
8519.5432419129788983
8520.204192768442940044
8521.698529412680438968
8522.883461465875911555
8523.581766092820433852
8524.072959892595080815
8525.192740841855517744
8525.580145939871703098
8526.384967075492471423
8527.801285476009697104
8528.335279661196933676
8529.165725244556536085
8530.392088474891837509
8531.215969405232129069
8532.311647984247542635
8532.610707274995750284
8533.780194489509963863
8535.042150484167910907
8535.467449844383416872
8536.033310080767485094
8536.749664145821033413
8537.778374013585088836
8539.05711823390570352
8540.192595719829206642
8540.96664937109354418
8541.539982808592548163
8542.565392468219621349
8543.339096416792142927
8543.751519717896543629
8545.303334073614737677
8545.618122407256159403
8546.691491452830918974
8547.709108139347262475
8548.380388381306182205
8549.305495770688096647
8550.742265127922256273
8551.451183851781723424
8552.036847251925592646
8552.704688816772418716
8553.657695231643939017
8554.540035259277030641
8555.129548602584506609
8556.062209076877572433
8557.527026799399881511
8558.612656240040738909
8558.923460876135345513
8559.960124311472823714
8560.426167011681822925
8561.800541026589644235
8562.354829384678896759
8563.582511284261977707
8563.910392634172234669
8564.757382722133843278
8565.618743675628756981
8567.204607149902215821
8567.744539733550107744
8568.746748320488499739
8569.695230961154600895
8570.473144254967363353
8570.946215417387194038
8571.818896200671813038
8572.426464758279965487
8573.882934741582173633
8574.913003319524613167
8575.175968707240375444
8576.708934631089001101
8577.398701995898074854
8577.971246763931230355
8579.236900975935950132
8579.917964132034007624
8580.702003920610042595
8581.556354734949255136
8582.296736735663667835
8582.982426418622655661
8583.913021380959941126
8585.651463150218718438
8586.174833980533668992
8587.197320926821737333
8587.711288194941381827
8588.094852601426590543
8589.642476710266856487
8590.127188416552788113
8591.095567302459157728
8591.803792343194415478
8592.920901773499226052
8594.055748658848465207
8594.502062461294598229
8595.550909469975511927
8596.787241215077648903
8597.384498850856618
8598.230072427937032366
8599.006813111067075222
8599.431780758702836068
8600.495518301921980741
8601.336163043638633789
8602.800930632691458478
8603.667158055496895346
8604.204875745890528332
8605.37203784581172581
8606.065011944545916051
8606.59684704791068873
8607.46958415903584188
8608.874054411912248821
8609.476576483578544933
8609.969946522661496559
8610.900549174502022831
8612.007241031537611021
8613.349092570395605634
8614.153530621093824816
8614.570297617560046504
8615.77899089575860992
8616.334145127392525376
8617.1704231467171282
8617.682388007682137465
8619.004610240153774105
8619.610075256379934139
8621.154330974113819211
8621.952650157469247368
8622.390314620142683427
8623.284603669737179107
8624.220096516319813497
8625.481069982619450451
8626.016582944009118746
8626.570046898995809738
8627.469440409708977567
8628.43174837270344116
8629.276843947526357938
8630.33079969621224618
8631.669465392838525246
8632.398793410632181384
8633.071914191365516477
8633.591393342439908059
8634.592755997274215962
8635.206921731365036582
8636.439865707612872104
8637.187563977981471321
8638.150805591881143471
8638.929026205097093222
8640.056739782064793262
8640.930858833448140761
8641.656960761905713825
8642.643422719740661533
8643.454487335060944691
8644.166494252547647035
8645.314890920888252582
8645.629539138185800982
8646.021671929313987897
8648.180817662839476558
8648.774619217364616918
8649.780880842649050133
8650.23946108861556901
8651.37557778070480087
8651.868483746335696647
8652.861534419747976013
8653.778576965077016383
8654.501099440599020156
8655.647399977164854231
8656.072710341726166942
8657.338800754277679808
8658.222107503617528896
8659.065463815270048611
8660.464749771566313871
8660.894985317800270606
8661.469178733336303503
8662.18606527671370213
8663.160874844049215797
8664.068204986472034844
8664.933277766944935087
8666.008296742532465974
8667.232034709075928372
8668.106266273988023548
8668.375532887167894349
8669.317504225814583122
8670.2334461959744485
8671.639127701579314712
8671.820091555089658016
8672.776806951548569348
8673.52400609966831588
8674.349201864056716654
8675.596120099391587801
8676.924281050593611825
8677.519367827768467893
8677.987746530281043471
8679.291278167586051857
8679.748657452122818432
8680.584051407366986147
8681.161852779127870628
8682.385865916402384409
8683.501223958029974367
8684.345138141240288803
8685.162576754764636533
8685.791259887645250021
8687.189699001746549521
8687.77736411073145796
8688.479057296975966865
8689.551335129889538657
8690.364817869790048318
8690.662797621833832375
8691.926226852759385958
8692.523178293996199694
8694.228413294896683889
8694.902289443240436727
8695.905093298259063626
8696.258314852631880784
8697.336511435268324187
8697.610485681203415513
8699.091219709500372577
8699.936426457792994511
8700.597521996259530546
8701.16115756517223072
8702.804254878287637676
8703.417101021721669859
8704.079332236731519027
8705.318810428644875356
8706.154650750803758987
8707.005236581809291449
8707.597537700992665766
8708.113872195475842783
8709.159693738630769343
8709.949365152497698101
8711.450294477422287318
8712.275399475056358358
8712.986720708001713062
8714.030953900324142612
8714.366502800913369919
8715.585779950790129471
8716.356426967991882737
8717.00351522757073795
8718.139853934953068558
8719.090250677110978804
8719.382554052767388451
8720.447893299267370578
8721.974942171497696244
8722.755721398910324618
8723.599098642280823025
8724.108198074102960785
8724.859676038092909913
8725.956761584510106531
8726.536842209521757729
8727.253773684011104151
8728.498800855315496975
8729.628006989616057122
8730.322892932990791072
8731.474828184224395041
8731.879802245324145243
8732.623377538742182322
8734.081398172941293166
8734.675973837622520412
8735.414586540170012956
8736.080091411661290483
8736.767658872634673507
8737.886599701183484185
8739.389508169814924013
8739.714814518672152568
8741.112495669393206326
8741.683325895485824973
8742.52551071497062213
8742.997118093943360514
8743.749048929480875055
8745.053827139448503982
8745.977161412504961573
8746.44353249589888521
8747.80730851177938786
8748.384570855762560983
8749.516423498661864181
8750.330086645507356482
8751.346430863811246003
8751.999141009404108492
8752.67276359008763962
8753.775489788955153691
8754.258907091737137856
8755.009176121686840564
8756.043831127347752253
8757.903052120734428921
8758.330109659318105604
8758.806686423187321115
8759.591981369532712846
8760.797760691636335435
8761.335651596278293465
8762.328890282305019515
8763.396469367102853855
8763.65568619653868608
8765.005865643435078383
8765.74113157749722768
8766.709274467539369267
8767.797892850313404881
8768.800400513366447696
8769.371308012005626334
8770.32106874347980745
8771.029690955945140576
8771.396367344524878341
8772.413788998578383217
8773.892563781475701994
8774.336921665971815945
8775.643665408925794871
8776.412826980881843224
8777.325477640991659501
8778.016754195504789355
8778.54750152824738549
8779.874152388763257344
8780.751048629249397385
8781.399843069603514994
8781.999405250277419351
8782.763532846501363551
8784.098180392591149245
8785.349005620332959619
8786.001416919756283952
8786.925723642419197367
8787.516533268482195797
8788.234123962098932097
8789.166704652085687213
8790.055912968536284167
8790.605373030883330934
8791.865750060681725325
8792.938115377125229082
8793.748087605066687592
8794.528210802315138089
8795.102194578155570632
8796.605348615251661649
8797.281339330112661355
8797.933469184164447529
8798.459711536960882729
8799.627566551526610321
8800.402790797840229565
8800.875335740939230151
8802.633957952015665959
8803.428243939236988303
8804.220472211773182409
8805.171186874198767399
8805.599435361210633878
8806.2725405985520319
8807.488748833904883609
8808.223313837878909651
8809.41350017512534446
8809.849477655007640265
8810.602647387452933519
8812.16777457954933379
8812.72571481127743689
8813.832162750636111742
8814.311277665617166024
8815.594893298596956367
8816.333686040035957701
8816.597902424007409804
8817.604528338501310708
8818.267042195531471786
8819.823257463868956358
8820.831983668506778243
8821.428062324346722865
8822.438231460547211904
8822.982439195979790987
8823.926324358185329466
8824.821596600019523162
8825.747064035054366114
8826.471286823933534627
8827.196344367449082294
8828.126900136692825921
8829.200853015417252819
8829.757344107926561904
8831.476274008274766488
8832.09590344110423218
8832.667733534361647811
8833.35327270149431812
8834.227333953716411791
8834.898748526264062242
8836.174940857911205918
8836.623445374283525933
8837.776447826209379
8839.103878636088430892
8839.786452488945126456
8840.183848849725310314
8841.401930089409609111
8842.186429293527121826
8843.08529804488801694
8844.209896066892286538
8844.42128032155563758
8845.399046170998185773
8845.929067541601412537
8847.529970809929198768
8848.664758577926727478
8849.293012163449703603
8849.940859439543466812
8850.968666279146486974
8851.906343481166847184
8852.149291308352437853
8853.023070043142120371
8854.558251386009148591
8854.955551217050240363
8856.079945291803025917
8856.73452378416135742
8857.963064805150935567
8858.680999708134575137
8859.693494672751923983
8860.67549638890065473
8861.046695268195078374
8861.974859877250256322
8862.808651073864113249
8863.498357024211909493
8864.378003968137747453
8865.753819372408404115
8866.791201368247230797
8867.753787139255720787
8868.092270036928155566
8868.750967015189822436
8869.691904788887035554
8871.078180954406691569
8871.689920885597672879
8872.005432888385909903
8873.297980868782522843
8874.050059551383298554
8875.172814314834318135
8876.122838582175634684
8876.890060628395981326
8878.289574606814470285
8878.480878109605737402
8879.175609722502917094
8880.343782096937282168
8880.62166852539680136
8881.726078190097949236
8883.028741255179268274
8884.165749604954081783
8884.44668481487635158
8885.602305364961861086
8886.584181468503876512
8887.058666340970962169
8888.146956750708001598
8888.831196779794475279
8889.95299622266502236
8890.53794836892783688
8891.306737048091651397
8891.874379356850020438
8893.684840402352219777
8894.604473093549139784
8895.038202753997834854
8896.103336814670749077
8896.531323011318855433
8897.673494065038797394
8898.051507139095594674
8899.302724466758686847
8900.126946770479597564
8900.854875977542358348
8902.24376506154252409
8903.054487161955441681
8903.453422784505289912
8904.49763930603306828
8905.780057620077928568
8906.334722625173358909
8907.296439179869511847
8907.620487927697502619
8908.365865372005846806
8909.714669787566048964
8910.42898951373811086
8911.75651726045052111
8912.717343387955125039
8913.324972960765926912
8914.11111678020833161
8914.741188912256787228
8915.623803671877804757
8916.51417838654597028
8917.678078159365577378
8918.302168643903079037
8918.917303083197480829
8920.276287088843634401
8920.80742492218118942
8922.34832923666280498
8922.962986121956534195
8923.430369163904403645
8924.452124840513384339
8925.469534407589616037
8925.913861820413822709
8926.590671425493037841
8927.543910280876006079
8929.29932378870550387
8929.808678924302886386
8930.622184355024661499
8931.360853742507463579
8932.151532174342940739
8933.161556855912995049
8934.023589735781740222
8934.749925304201776629
8935.684604088346890843
8936.253765070299399268
8937.198156762437285576
8938.346035492338352975
8939.308181977247095674
8940.290249827749770673
8941.181572192283041263
8942.047712429560052426
8942.47407116648719804
8942.901797183500399095
8944.315501548008499893
8945.056384872775316462
8946.156952171697228499
8946.789546432198553219
8948.094866137137389507
8948.871203070622210312
8949.65917496252157137
8950.085438400234138844
8951.679585354738922941
8952.132146366208646099
8952.910570342162962489
8953.663140523775190025
8954.570266105707671412
8955.021105983401590253
8956.904086111224953459
8957.719764459237791406
8958.329612995061536036
8959.083915903632603206
8959.872529807257329457
8960.757465936536756232
8961.514277567270474738
8962.376098409866840854
8963.12259527416198762
8964.50176886729878711
8965.042322647060672121
8965.909132690284015515
8966.831852556912604958
8968.083142598414282227
8968.730830804888504979
8969.576813396182632302
8970.156460463083816442
8971.008144511877467694
8971.900341569523499027
8972.398475358717187489
8973.827888982770443116
8974.779544770535592942
8976.046813314545330289
8976.339748017881237821
8977.267754470200465684
8978.139157900688046783
8978.484856067782113706
8980.105035039646564612
8980.789975094998406875
8981.36459845019800081
8981.893809432898311911
8983.298016881797080138
8984.458470334755464356
8984.976927663606188003
8986.278143617257282959
8986.765638638711482361
8987.708763258454636653
8988.513243868865349972
8988.93617940106933061
8989.737246620055605536
8991.143647230733466598
8991.847222467371512571
8993.206522747888852386
8993.843872416932860988
8994.285296828882229078
8995.43808851658827624
8996.520060324059560272
8997.025737752289599704
8997.967571698080122848
8998.648899442072681965
8999.718728031784151474
9000.243406943077335898
9001.129405308298347687
9002.62377699295824449
9003.873677515279593387
9004.0521782440304146
9004.80511117024965968
9005.606797077049685792
9006.565630589181730613
9007.260756057401045869
9008.304703037770848742
9009.070075285330438545
9010.088962863381942405
9011.033504193105030899
9012.042284016974949089
9012.644453437732441117
9013.551021066800608085
9014.565229679207605635
9015.596687046418618707
9015.977933055108684472
9016.814019972604859566
9017.345160193772867293
9018.424475610377882565
9020.072493601838575758
9020.646017117477096533
9021.257036937257558505
9022.745934352785915562
9022.965488033276409706
9023.565193774028462051
9024.667245992580830719
9025.628559533685171676
9026.521713970003297239
9027.231504803192407649
9028.106836457523852179
9028.987081386135272504
9030.14763195657256771
9031.032976776785352689
9032.149738849134087076
9032.444258621347989519
9033.515720830412760417
9033.854034846002646966
9035.168949367586719134
9035.749059047583184049
9036.4293066135037915
9038.302210472737052239
9038.744798376163651175
9039.773178757522531091
9040.140208823973793233
9040.975491231656144845
9042.313865996179527356
9043.019421319069335639
9043.610772971061032277
9044.618071147805855562
9045.108590882362930677
9046.315029701648115888
9047.178898921222596447
9048.588554505273906793
9049.087937802135787404
9049.992714867448061122
9050.882205632555333099
9051.428509000665653541
9052.224339386075951632
9052.755417231305437179
9054.400106782061648407
9054.931264072116587121
9055.905240586100744305
9056.785351956467991046
9057.930288444321429895
9058.352731342005848579
9059.695201794214110931
9059.901550740716447521
9061.261010259074407956
9062.01037542828556373
9062.556640822880960136
9063.06598766610209714
9064.398647013108501442
9065.67644501130073821
9066.715937218861179731
9067.344319123517807522
9067.890693026052517602
9068.707565890811084667
9069.65186401374980243
9070.41982065242550828
9071.485275093295035216
9072.068890118189823935
9072.950481989126084429
9074.38155178092295315
9074.869755813135035742
9075.539800390943315353
9076.905342562263936786
9077.941193163164045236
9078.388813148848819226
9078.885068809988736197
9079.958594688502342458
9080.600278836755733991
9081.525029640737249607
9082.687459166014285202
9083.817684467939999752
9084.719189339048503318
9085.261991006197702889
9086.216791442005527771
9086.854064628998393317
9087.619989058993730451
9088.908988499887102058
9089.425998602172679852
9090.498988662223028308
9090.953967030521159656
9091.778385807689636113
9093.554540592722420736
9094.08065373881980563
9094.817936161848797791
9095.707283364857816796
9096.611589238439235523
9097.164150723324325418
9098.092115417231834215
9098.532042167058215653
9099.836635635669620672
9101.042374240885053639
9101.885250829854734838
9102.49748097107842401
9103.493787094456411203
9104.193256141506020815
9105.074920829635860342
9106.474161546830251548
9106.705267547545049822
9107.191202663575999781
9108.613643184054090303
9109.023970775506766177
9110.230386514661648158
9111.37508487863473988
9112.381582610446174564
9113.302297846671952024
9113.658797282170079693
9114.444853438540077804
9115.042930636192228525
9116.424405314449153116
9117.137058329919636802
9117.860968025157797237
9118.810944247423953581
9120.116281592967774568
9120.569264316977313405
9121.584902244997711431
9122.504965210955797745
9123.393854938901361287
9124.084874392271585682
9125.059677152573160301
9125.604247738102042087
9126.235472796694327126
9127.121392691025071537
9128.945962237436144053
9129.473000953557152645
9130.446701653567163584
9130.768159170791863377
9131.957373712514205452
9132.877022276269896958
9133.253132722165483242
9134.299136950122365015
9135.427457334468259659
9136.139601993791705815
9136.679196436497613879
9138.105910779159086387
9138.600382789620115135
9140.231969818213880774
9140.57825969712515248
9141.357179362333558107
9142.266523219928903239
9142.836907708715460769
9143.596977939633339639
9144.619980820222348177
9145.638522322160175597
9146.526358405505760183
9147.808894963089122963
9148.555047141636330663
9149.117996849556783329
9149.558123853039056548
9151.026455173489762682
9151.817672100358132652
9152.649018566887068339
9153.267808749673368617
9153.740200095622725885
9155.111134265144337283
9156.088026232412542905
9157.200853860186370454
9157.957603481644180873
9158.830116897250462559
9159.438824974985019793
9160.353847711055930574
9160.796139418419327529
9161.926432339943943149
9162.627075284894058046
9164.011258568751140128
9164.765021488882632683
9165.448663414386276308
9166.381734370744383933
9167.382447422910064806
9168.304925878113599572
9169.005615313923935398
9169.689672310457632169
9170.658946113624193203
9171.402013820587587476
9172.213321782218370984
9172.683910450422760442
9174.799448248375431123
9175.208835881228948166
9175.927458354540129044
9176.891017123539633695
9177.479208892978149948
9178.13037759833337983
9179.285979755703922024
9180.321113395797190986
9180.739286973818309331
9181.702974296286815894
9182.811173984772827898
9183.699837538327358407
9184.76719441418296098
9185.136000609179851711
9186.578146636390093512
9187.345086889568707173
9187.811497032358065325
9188.464829562724621474
9189.187313215268485672
9190.366779364116216804
9191.463118656115984521
9192.43869165393432989
9193.368911875733562391
9194.036497583255902429
9194.998618070027495621
9195.415993341559806408
9196.541376822498133047
9197.375793024768991894
9198.428751554567494777
9198.78934749128996806
9200.006746344035404062
9200.451077571462464064
9201.837434832796719407
9203.050941490621674275
9203.761790100944719571
9204.449930354577280551
9204.760708258413019664
9206.165350791597540072
9206.847375416245798998
9207.189750328559595887
9208.520414152957838156
9209.480933056157617442
9210.87397897429007027
9211.220220622675306588
9211.87832661383893093
9212.942543018036518106
9213.953457242496974306
9214.809815382855988349
9215.383063606700506919
9216.396499883133370407
9216.889162998637362026
9217.632413626711047962
9219.125065265663850009
9220.020083391239243435
9220.852137981711882252
9222.000798287770785588
9222.354047560482169738
9223.237859070793082618
9223.870046096292178964
9224.578163424445138231
9226.173215900609813248
9226.625762799938568981
9227.262194971400653488
9228.502157991702189555
9229.558364129360530775
9230.160704778990867327
9231.11634154664818285
9232.082594097691039137
9232.764557616516855909
9233.69036650889899828
9234.086401679774349503
9235.309074305779583339
9235.520669016888034237
9237.255825767933319287
9238.525524178481370339
9238.873162118126865549
9239.599760445383166273
9240.463318406555152062
9241.168927233486630352
9242.438747055546034551
9243.002727144772764877
9243.629625414073151066
9244.722256154660442093
9245.730317259871709782
9246.37247921796996555
9247.323682008930626018
9248.859664427932921311
9249.097134244813518535
9250.217232551686260669
9250.850268731169024826
9251.325332009919586242
9252.30198266040289332
9253.266895877883353908
9254.039963750217445708
9255.629242734973237232
9255.870307159365825474
9257.090976369528458446
9257.922851052207241564
9258.513197988889457985
9259.199490496887887396
9260.462686089541835084
9261.410917752196230514
9261.832615530932199279
9262.571905341420028068
9263.278863899333928995
9264.808555510763516011
9265.914999339088186577
9266.523355586281571062
9267.157637377176634858
9268.359885083665913555
9268.846663836467749722
9269.385312604052875613
9270.504925928490987449
9271.301028118585055238
9272.394102687191569322
9273.266843198505898338
9274.338133839818122078
9274.986375913177340146
9275.555512461766091035
9277.160514444523088121
9277.608768374496912796
9278.356214546118824288
9279.040933077737369931
9279.938256160905028286
9280.769267593453814174
9281.537438793174093437
9282.734288937201592396
9284.093681675076198503
9284.762478436967502648
9285.344159689401638077
9285.849431118951149054
9286.901569164031728275
9287.799427530865250212
9288.657678861049796134
9289.634716492791874927
9290.238472558106379158
9291.071149949047907906
9292.450151019330913264
9293.020371572759154642
9294.077099796136484479
9294.994414285980722008
9295.564223471825888879
9296.607047273230002759
9297.328597821578793165
9297.791417094674143687
9298.415822954258984335
9300.174304705344880844
9301.095504972085600416
9301.630677861677633332
9302.761169162320387534
9303.238852584414123739
9304.478169097739903613
9304.747219152917227675
9306.002925382834574161
9306.808098667526065304
9307.501144154387528384
9308.39768757784174271
9309.059307208767938779
9310.294182822782933022
9311.394263390712143113
9312.287090010511860244
9313.137110976717086756
9313.642041786628516474
9314.191767555917045963
9315.257777092714460351
9316.091993796680311268
9317.221478360378137218
9317.52086438138021882
9319.337900163970620209
9319.827795194359268679
9320.592913364353857785
9321.355037464780016246
9322.199858975795772712
9323.579903835333207239
9324.038642999946304895
9324.662478030882907672
9325.359891018410006221
9326.496593790360668218
9327.029340176412155293
9328.937276210058941828
9329.235940410045742766
9330.230659582979220888
9330.921834157540974785
9331.875838210982250584
9332.545535709051262752
9332.990177777222113313
9334.305898779170962609
9335.206489196422450955
9336.031511109678674984
9336.966415719895269408
9337.535506027181276436
9338.97053275469026011
9339.734206712101968047
9340.336005010404067877
9341.340822196102392521
9341.999574596002114551
9342.923902156085032189
9343.478761544974652275
9344.189903972416580981
9345.473934989955548313
9346.909626243472694438
9347.35088676227838069
9348.412153406305665104
9348.847438791957442569
9349.534174825501729749
9350.701823059300462515
9351.640126343543127096
9352.399663267564617015
9353.014453103446544789
9353.74350676097768114
9355.235106157849490805
9355.82017598183188496
9356.67303379741794582
9357.970513889610195915
9358.838675557577985935
9359.07690340551723381
9360.025057415079117489
9360.68231426067738529
9361.527052532509376792
9362.648214727740521285
9363.690016544967583988
9364.5324226560356019
9365.565561378696494098
9366.263485245108016065
9366.856452107048197555
9367.994621558229811589
9368.900918158318199188
9369.26487503445620941
9370.763366235001733435
9371.178734814527669614
9371.587599990185917709
9372.784751974935716657
9374.379510450159848824
9375.170795001104877391
9375.736537521141903345
9376.328130229520651986
9377.450651133645411755
9377.983702594425185357
9379.018437925036132764
9379.494344123485506748
9380.793873689144087918
9381.675840485115304816
9382.560440804546913207
9383.568374417504541743
9384.090451459150158823
9385.110359164360184352
9386.234914019048871263
9386.888612207833990795
9387.73383277221544245
9388.121802783692301718
9388.979169604210411228
9390.090466518718986656
9391.0497643684481338
9392.305852528507964829
9392.964477181185068936
9393.984756238854572896
9394.689784015236203635
9395.103416035848220288
9395.826310147317038314
9397.472564246870672646
9397.81826762512800405
9398.618868891882872588
9399.494206831580636359
9400.580871303545846005
9401.427516665658443595
9402.552909281863753701
9403.38293075385064209
9403.920835263551876214
9405.062878277394841531
9405.517985108348362314
9406.317820404488019024
9407.247627536476621493
9407.745436535876152252
9409.471336663333465988
9410.603937082796806838
9410.808666731094111564
9411.457048111919409046
9412.787360568496084647
9413.355204753259020669
9414.366649962946970583
9415.106792479155774434
9415.823151301210091514
9416.804191133095786694
9417.532924976708178953
9418.349184602919706225
9419.74426940140567697
9420.582583616912334882
9421.526892048423285399
9422.040011768900739019
9422.810743700448735748
9423.591008663043966238
9424.174561788019320069
9425.411963546654093057
9426.506903687983402776
9426.87453397033645535
9428.235207719002173127
9429.379144119795303742
9429.574025269554187471
9430.535514117107588649
9431.485551950740021279
9432.713826104668961899
9433.12501823132822369
9433.826715940170206521
9434.666665734315396472
9435.196314279323865273
9437.178849319269895383
9437.419496808174807074
9438.835191547619954075
9439.288351898247574523
9439.9786288497283038
9440.804069911680055122
9441.857096238964501731
9442.274634497079088585
9443.449249712149727169
9444.311353870485109065
9445.247610816520235114
9446.162804214650319484
9446.796122036819206297
9447.907524955041770173
9449.201580600951874569
9449.609725389102597416
9450.152313575517838853
9451.044025469181487953
9452.148976996906294188
9452.581214093017369089
9453.384466732684817187
9454.941836695376157436
9455.879794581773075445
9456.638848993114638194
9457.289938948843797185
9457.972397294629056885
9458.826684385939582786
9459.769410651763696903
9460.903772501188025463
9461.404922056238932011
9462.137989879679322228
9462.936516167903965241
9464.217904346365138169
9465.261895534529275056
9465.991177189080199889
9466.722587065204372481
9467.860632792306992399
9468.49480437822659515
9469.132039337016044266
9469.456006505055102406
9470.882771001473596779
9471.81926968812301932
9472.907942701792330986
9473.723079554979143788
9474.392245663754277719
9475.565521140302117251
9475.919635500875018165
9477.137885718797263556
9477.827320467828518351
9478.855699954578301818
9479.229478691426517105
9480.235271344658839047
9481.143882258962663884
9481.839788621123747411
9483.688815646472935608
9484.207298377048456078
9484.640388958238090163
9485.753856656422082142
9486.030868859609172042
9487.215810246310383563
9488.107214893484419642
9488.903784852235907838
9489.546258565251699315
9491.036789278031653628
9491.622337134984262012
9492.559851589392107387
9493.134847953395464653
9494.478852244826342917
9495.15647792367112097
9495.86007204498693297
9496.823908854260260684
9497.255442783197418642
9497.951007264428538773
9499.137222929027451111
9500.595321344587537617
9501.217267713874678233
9501.922520025645802117
9503.042498302919704041
9503.601117763335325359
9504.264017632144006326
9505.086080346834820867
9506.113854057057659792
9507.223790580799225671
9507.961501776307635735
9508.129637449226295583
9509.769913842899123096
9510.615551924727858428
9511.550977665867548203
9512.380208554100619669
9513.335229212824097601
9513.533893338416950941
9514.8143228066850327
9515.333335579303564547
9516.047851769818793177
9517.24800183885424886
9518.401462280204561425
9519.480657353684034456
9520.014543684853781892
9520.830643941693371418
9521.162437132308680896
9522.916082653631268697
9523.293287273884070907
9524.1721451974263602
9524.673999746041780342
9525.837508223161307845
9526.527981212930727897
9527.680937490483967348
9528.63239736056126641
9529.771681927852885083
9530.405942179322025098
9531.147923592071813588
9531.625571622489072926
9532.674849336538627209
9533.237985855254604831
9534.471660705845286517
9535.377269524699473446
9536.209876871133916893
9537.253631706384040522
9537.834915534641572578
9539.182796449742345715
9539.514744272631902918
9540.396197262095422103
9541.667102046193477929
9542.028340453083947959
9543.161504406562554812
9543.327342114099745389
9544.333386339599174866
9546.148062138917177127
9546.850958230858727687
9547.451494516013113972
9548.202699749706151399
9549.109408072244078038
9550.023825186957553336
9550.297435818614259418
9551.802310112949625282
9552.369737287713665963
9553.055529832435298763
9554.438731024914426847
9555.132351125928070576
9555.765517186338260111
9557.033450242658770171
9557.864073545580146024
9558.778597586110962338
9559.497877391873840268
9559.651002786866863544
9560.80427585835243978
9561.826855174030332529
9562.595160265601077816
9563.767484768306059514
9564.94158659835953716
9565.719270210826519406
9565.998473754086135395
9567.08476280711363656
9567.680668642880124315
9568.920136749612357888
9569.757583804237239565
9570.282928700381061771
9571.225835960819895178
9571.872993121369498659
9573.170828778938441792
9574.260212103264488529
9575.159596766068858124
9575.627693113068459526
9576.504120426484488341
9577.462720728044731423
9578.082268990219020394
9578.752937349978082671
9579.449577446087551278
9581.125284055394327442
9581.813931393478143213
9582.531012948870311421
9583.48843706687963163
9584.163335287170119282
9585.143063862838947514
9586.255233920493945726
9586.572222390227484245
9587.581534661284105962
9588.562422367796474079
9588.897946175894874811
9589.94653984200651018
9591.313819408709410408
9592.130272135010300346
9593.205180493658846173
9593.910165406044385911
9594.431429784413274198
9594.988285872687335445
9595.993695246837813872
9597.340246229806388657
9597.618342094728995633
9598.766169772418767944
9599.449375097213448844
9601.023594442615011527
9601.374051672791911108
9601.972952765042330221
9603.387320427234751616
9604.113455998881627535
9604.831331501784262477
9605.509080556900758815
9606.208589671675521674
9606.948842119686854533
9608.036444605873060809
9609.580310488176489674
9610.210766394500173007
9610.802823321588173002
9611.665887777861962099
9612.60634975494147929
9613.167963417455287934
9614.252323364500127574
9614.790927447389822693
9616.080125100233765888
9616.57630435622221602
9617.711563455022569563
9618.147803718693615352
9619.662657556979815722
9620.711570046190571683
9621.165759368628061387
9621.757407603287746049
9622.960401194606520331
9623.378434431066617362
9624.134944535440568629
9625.222075594958859263
9626.015526809151806183
9627.410922590326371213
9628.224711924473750681
9628.814176045421963016
9629.724366465654195245
9630.301966897596646412
9631.280209290208506562
9632.56226547802544279
9633.111145441421180495
9633.589919581044131185
9634.275150158077611829
9635.651739530143641585
9636.586190719115106378
9637.636829868488473225
9638.333970206398725218
9639.400372272585184617
9639.941632652453206539
9640.667624445024666012
9641.271927640639914587
9642.172583672366622916
9643.651510536878041425
9643.850300727237012504
9645.268004100864105331
9646.033601387987542209
9646.682120242309280748
9647.776874287209417001
9648.593127494612782407
9649.697627600659101604
9649.853790958864717645
9650.99912388800580083
9651.871456186812567977
9652.538464027656151858
9653.014874566615366895
9654.963345358770871396
9655.670242556963393785
9656.509156429004020168
9657.006073676157458895
9657.625816863722349657
9658.780678230384615507
9659.637116337265663062
9660.202999377106689856
9661.371533562066128139
9661.957836041305761859
9663.0857681519678299
9663.88107654849335667
9665.039454448804061064
9665.485661646632161451
9666.807212489643269224
9667.564227300297033895
9668.135428970973489654
9668.700128123907917812
9669.745616207286552019
9670.162113845697508998
9671.949512726717557566
9672.49434034231670828
9673.396190895942619332
9674.547299394770301446
9675.122226685422862665
9675.734272080005008191
9676.482970442664743374
9677.7624907735497057
9678.441444797380205955
9679.309646020153214854
9679.806168479680127851
9680.762833610206135379
9681.933181545262099109
9683.097742918037775445
9683.867021673075729417
9684.589585901776689271
9685.308004229365586362
9685.960000518493414291
9686.93890170550327968
9687.635650374518576486
9688.452504117910426433
9689.424900299011553833
9691.007692604953553641
9691.345099412726314259
9692.129608962687733291
9692.775465087985222801
9694.160018792738817179
9694.810249048602317297
9695.587265123240345288
9696.340584322436407891
9696.969092912941657395
9697.964078699752353772
9698.735918071114720513
9699.909751127411665624
9701.268636037585310124
9701.750955885448483775
9702.343670704510927804
9703.64013686669627594
9703.837388247138271345
9704.480325775091432016
9705.876215987490425378
9706.802865517506481577
9707.414647044850381711
9708.186078193498034478
9709.502438605258619
9710.185679567853324495
9711.156381036051293554
9711.887312336946229667
9712.668956896418527247
9713.803909573425151327
9714.476372679759363246
9714.689105558265422585
9715.654426519519315075
9716.864893947745227985
9718.217323919808595985
9719.003948229437313299
9719.584605409277989815
9720.464454076306097051
9721.104473046968958726
9721.996753309981627222
9723.058455125069058344
9723.737313265188253889
9724.373873216511838896
9725.549128994301248422
9726.187902553736458851
9727.403728478151436256
9727.880335351850132347
9729.49602575260664184
9730.119586178587549419
9730.576904308747722898
9731.372827729493872968
9732.006893644667101087
9733.303859799544156066
9733.610464090441313665
9734.855515621142256328
9736.090792315416289347
9736.73036914897956158
9737.855582949503274696
9738.240421320171366021
9739.021072198769395216
9740.135575736943403259
9741.076087748449238818
9741.657972106349059144
9742.62356474364496748
9743.23209625209344856
9743.733762360302486743
9745.639066617375271209
9746.440268750824353601
9746.825728279777167778
9748.002697060168310826
9748.639282223253796833
9749.482254346997222741
9750.074742139966830949
9750.773005612475693158
9751.983307432256710439
9753.034700475616718301
9753.717213061297670186
9754.680499290171124337
9755.495112248225725557
9756.380104702497565898
9757.260899468928572943
9758.307454097394602158
9758.814665166590592302
9759.592246659126328066
9760.270891381358647295
9761.363189250917882274
9761.887569295263791077
9763.294099801654022998
9764.416349965648795898
9765.298077292483596874
9765.798045051534396932
9766.238754743440926764
9767.28985868420713867
9768.168596164699024401
9769.341847581768861546
9769.963460333965136833
9770.298585892207330805
9771.8722798017972266
9772.654168675884222661
9773.284337854803651039
9774.703617455913579668
9775.088283540137052248
9776.251533919415678349
9776.730381885561099283
9777.692679375588900631
9778.14880660665292599
9778.880763275066163892
9780.313329425088943061
9781.383732402793174066
9782.385525671766152375
9782.610816339745412338
9783.722534561653153723
9784.680677563404740073
9785.381062853272199415
9785.900034116508711828
9787.276920186622593305
9787.953486118466289417
9788.477759390459476629
9789.402370599819197871
9790.364384932035709893
9791.983400038892183438
9792.246728932375253919
9793.549999292038026153
9793.647618792513487855
9794.761051811067582348
9795.420031375642897852
9796.201811061875635237
9797.293024611317090224
9798.034191396092690484
9799.096192514175697894
9800.348712492729982617
9800.831815354950878718
9801.527598488981030474
9802.247218201909121879
9803.78272436746770828
9804.339386746744349824
9804.77101077444575423
9805.672191920601336215
9806.373069561859734649
9807.415268673012073786
9808.579426841199401817
9809.662905147581751007
9810.29182687565964194
9811.323107614278453798
9812.026190727498975824
9812.268979445580014435
9813.488974531113522222
9814.292509387761066223
9815.145409875074507551
9816.280725472365878388
9816.937616013131181093
9817.665816070328513048
9818.915101401563215095
9819.703209234133167213
9820.652109742502591663
9821.399312628915174907
9821.902829739245405811
9823.078061393203362867
9823.702895700077305931
9824.295346709679424113
9825.034070225098676687
9826.946695210842271421
9827.547832227359483373
9828.155753564819510349
9828.973287305271331255
9829.933473335918002959
9830.30790237135621263
9831.760429334101807867
9832.237602064833492366
9833.139694319812938887
9833.898350380036443982
9834.670764972764236546
9836.112660501271127842
9836.485906520354733298
9837.756654900430846674
9838.631071530686382877
9839.435359540697745611
9840.038249688898638028
9840.729469971663306225
9841.165565424500599525
9842.661664685199217224
9843.426278643086802533
9844.26901498709856006
9845.514484924075167785
9846.234022220622102669
9846.883790560700947462
9847.70026224454661951
9848.563597129891541668
9849.559686381093235344
9850.340915387202658526
9851.168115715308804976
9851.623956975879965784
9852.552236726619345482
9853.637530407182175706
9855.045803746470337739
9856.031386999542062119
9856.17706090451087308
9856.910175667162878055
9858.164581111085492644
9858.73241413596694382
9859.381159522503570437
9860.36020532545781161
9861.363515492228045889
9862.379013196930130683
9863.480482964539614172
9863.698339983143821656
9864.789829098051564407
9866.121993983968339686
9866.515268109411447344
9867.444225598539548314
9868.274452687335267911
9868.714659330643201731
9869.812878325986458202
9870.332258556616445749
9872.000623378132955732
9872.558666059604231912
9873.802220903648406407
9874.323957629064029672
9875.218994098846767146
9875.600956248756888587
9876.479017063783790066
9877.782654005501142774
9878.654772385692288189
9879.03673339656873071
9879.884490596800089361
9881.102360865353787015
9882.192215966333257164
9882.831960845038868264
9883.648049437512820537
9884.820980500271886801
9885.417235786022764639
9885.831209003690443551
9886.927710735840653762
9887.495618736771183149
9888.361557893202744068
9890.123508397477636349
9890.457523942800468298
9891.628625208284465039
9892.017784660499809472
9892.882951596244408451
9893.964140444150332149
9894.773148318746882651
9895.597360099307239231
9896.023338800158223297
9897.287439089347525038
9898.182959745887329565
9898.405455795065904101
9900.125286817558379416
9901.066140005895177972
9901.825966236684552617
9902.414483538097023026
9903.156618968768320237
9903.791439395431031484
9904.892760732266588666
9905.493254381218821344
9906.664873062418168437
9907.434385037664245624
9908.602150116692485685
9909.272060613606506892
9910.349448025856759465
9910.681429651763271662
9911.83198166554398207
9912.73846752991870435
9913.738705139337598986
9914.21142457483756188
9914.653565232147844774
9915.596173634191487406
9917.067913423513322607
9918.138431255650774488
9918.705972905998363434
9919.625835247100196456
9920.376610697596955511
9921.243519427359360298
9921.715530356680372086
9922.554020205691373189
9923.879935138664744193
9924.433066153650111968
9925.273041647408317165
9926.413061808584094485
9927.151435149743653612
9927.864383711184944602
9929.442999753494671902
9929.761473066552612138
9930.426213378845750467
9931.256052743141955105
9932.269131844621814456
9932.650954758233451087
9933.826454084356065634
9934.527161784926505669
9936.297215319616636759
9936.799862763818164963
9937.375081777039403179
9938.090292199618467992
9938.884224450978291531
9940.05768784633223233
9940.795859598652315951
9941.500484514215217432
9942.487113471516867461
9942.896982124982077525
9944.195973810467982593
9945.165420246662151125
9946.088848612186165993
9947.064628745417849474
9947.591101986549839503
9948.74204473787864497
9949.102999743171802496
9949.990912111167754936
9950.398845531955939914
9951.907364928711093219
9952.854372743591835733
9953.866783603151465913
9954.182584368703115249
9955.724033589022889131
9956.068336690647346521
9956.810139922614627678
9958.007999454680455883
9958.649698449124899519
9959.512987188623556259
9960.295355628036671271
9960.856547843391389336
9961.770868304298711089
9963.326931990736422665
9964.155267424642087516
9964.838469804183878822
9965.726087173101734744
9966.208217677962777272
9966.866343384534169165
9968.062474133753748379
9969.033371790906554399
9969.310627781915228154
9970.570859935057828899
9971.790012201232484234
9972.396338091193677034
9973.115830364514188797
9973.98801890369933696
9975.185148629796937496
9976.07644863815471006
9976.556270167453157991
9976.956671511267071507
9978.332770905872626201
9978.62518849859644186
9979.889859833109459623
9981.329076419307091558
9981.831091564840146079
9982.732872815277959351
9983.55301313804225116
9984.152707830424106891
9985.067624895307759206
9985.625469844353636759
9986.98116349928531908
9987.702430927793764259
9988.313141533620653873
9989.133283481587352701
9990.230332883674107956
9991.445890977603463747
9992.253150320328763123
9992.735143505607767972
9993.666948284755125306
9994.620085472669512232
9995.190600851283025027
9995.877231960972863287
9996.556933962111869093
9998.094860334975032375
9998.850397089674049058
10000.06534541453531475
10000.65184732376790517
10000.91817895561172576
10002.27912227288861549
10002.98032751222512533
10004.0470538281690427
10004.67940416606523303
10005.31033172764056543
10006.05275687465415756
10007.37287597238668545
10008.03424524281441998
10009.09926472347666316
10010.39626019788128516
10010.85914515824739688
10011.55164288245810797
10012.09837486001537264
10013.03306668510266147
10013.83681049050686087
10015.05539741391323093
10015.61096015224398554
10016.65550866067564568
10017.82860685467711959
10018.38073187774271042
10019.12115246578039031
10020.33125160616261688
10020.81049218328550495
10021.88317854229650421
10022.59197483976347359
10023.32769061839221689
10024.06673963999213273
10024.53809554174135864
10026.53338954002287047
10027.33481570881003584
10027.69344787471533939
10028.61249202452135682
10029.43127533480662319
10030.40694536226434543
10030.74792089255251796
10032.0139974285644636
10032.54437302004367658
10033.89876349872311731
10034.3622650172631393
10035.35503262459957959
10036.35717905772260547
10037.20101591146336846
10038.18539528255436163
10039.09110844391500749
10039.58690560927710718
10040.32363348422892591
10040.921662903522446
10042.16551139217514412
10042.74088353137097678
10044.10607634678290354
10045.02780353470156988
10045.85775716032224907
10046.69665658156429882
10047.31708350254809022
10047.59243960199957104
10049.39132827828902846
10049.9263254623127879
10050.48634088494047987
10051.3490575942561323
10052.16355567009422653
10053.32719300729223841
10054.35485029836943224
10055.20317730047853033
10056.14395627987533721
10056.61724927538420809
10057.60301490872452959
10058.32912341938847118
10058.81193419201963067
10059.84477595978146429
10060.77532917971542876
10062.3095123537727674
10062.65619186898730467
10063.4792548287469928
10064.31109535839324104
10065.32545323367859026
10066.34537818781944937
10066.713406051301325
10067.63602061734795517
10068.69896935242189477
10069.25355123978566683
10069.83267067877231328
10071.09961906741561009
10072.35574178307549109
10073.4792142530780051
10073.64864307056255227
10074.58965401596791724
10075.29187252842267737
10076.11293757507647397
10076.83514143097769203
10078.11053366136471811
10078.83745760191668983
10079.24386450136903642
10080.86016672454096794
10081.54998783436803402
10082.17178982787463561
10083.00683165052282596
10084.41456652663242297
10084.69278522743863495
10085.76505269939929947
10086.29905471918407317
10086.68840720021154493
10087.9851492526880699
10089.27140981822451229
10090.05899363249621691
10091.02995843472475592
10091.79914355155372033
10092.33876761084977487
10093.22053955208376943
10094.08516685660529296
10094.85203812121066605
10095.87137879627069887
10096.5935344306335832
10097.43547388127352356
10098.34903400433812458
10099.06932386542433445
10100.69219652302122762
10101.05730321441332737
10102.05218057810822383
10102.50627287648332968
10103.27965010514390686
10104.39991567425910527
10104.98901462211944254
10105.54603533906827841
10107.0480631476859965
10108.27819065091324467
10108.6495609332289243
10109.47791029605576412
10110.34155452701004892
10110.98912828198174456
10112.20425863240421781
10112.94087939682325633
10113.84902029560491381
10114.01415333141468457
10115.27743149878197967
10116.01249867882821504
10117.55140320371890709
10118.17529340813266643
10118.79058003688443306
10120.25876247536796404
10120.47398665073773983
10121.07565051772407478
10121.81187238844051296
10122.9380998108588305
10124.10368303454458579
10124.61820500458304391
10125.68557930520293097
10126.59654672833073149
10127.44713577996633493
10128.28128222577591448
10129.02830992985865734
10130.04575440997754903
10130.84981092290876615
10131.33545782510973999
10132.29991399530604672
10132.99710430577805933
10133.74200286287314415
10135.40603669218490842
10136.30298603712265381
10136.96195674438681562
10137.34771906806791423
10138.25808166484223477
10139.17851062197060028
10140.17177554653700319
10140.74999606115507385
10141.6251827934170616
10142.55732369810528918
10143.5538340665360871
10144.55916203379005896
10144.92182438930975885
10146.37553343223371087
10147.36093195421356461
10147.60704398750421772
10148.55906147818111193
10149.45210499753059973
10149.83413900218589331
10150.76019456661267254
10152.17946971773415245
10152.9419221522966259
10153.96575532144527624
10154.68065621144232829
10155.64454026352408463
10156.06127451787133268
10156.99808890007636598
10157.82142312385462994
10159.10176479219395306
10159.55130188859455656
10160.34567867848139753
10160.74416655174812129
10162.72849633483520149
10162.95266594093765129
10164.49704590366230311
10164.68273707443917934
10165.59062314857239998
10166.61524696880334605
10167.01297051450576463
10167.84266506768079297
10168.83877387791224182
10169.73927601962057281
10170.99289748332482199
10171.75354151647708705
10172.60222989712187994
10172.9903019011458909
10174.12923881695000717
10175.36748792946679823
10175.91316605655964393
10176.32706591722624653
10177.30292800625666636
10178.26872345833964571
10178.9349787308229561
10179.94733301402384636
10181.40377956359613024
10182.01557603192704577
10182.93549967496687145
10183.27094153289690379
10184.37010356933976753
10184.66429821537438962
10186.11117252133485882
10186.79720211392534726
10187.50447084181292394
10188.75415911476936252
10189.18023978866316198
10190.54320198468438226
10191.22271947270561859
10192.10164818577664332
10192.73257681487743223
10194.02307006739111032
10194.43345404995878995
10195.09825743307763412
10195.85647687660281886
10196.58300295373092542
10198.40676988067021448
10199.1055547267500736
10199.58271350902571372
10200.52988727754793673
10201.51502867418286423
10201.9778779829600949
10202.85310918387136772
10203.91424927248591951
10204.72316104460222714
10205.28335491554226356
10206.36290045738181575
10207.22502924113868734
10208.06038141972521889
10209.26869468222245615
10210.10948669114396045
10210.99883602338546787
10211.38312898739322287
10212.01879678533322058
10213.04328249218917114
10213.88564342137541247
10214.78197300853640804
10215.6573486768154271
10216.93145572401316674
10217.94765406449545921
10218.28307991006615351
10218.81078741752000521
10220.12641377905560007
10220.96877165620541027
10221.75136779149229894
10222.56640018130446211
10223.10902543058841449
10223.87828937107513288
10224.98987649416044367
10226.35584158418296889
10227.05570336640858227
10227.80292316360396028
10228.70193245814575256
10229.16184314261037569
10230.45926789694214994
10230.65774653574914863
10231.38626455642301301
10233.08142247492545001
10233.53713916011847135
10234.43147844327980091
10235.4370228628635115
10236.09747733831915274
10237.24153713874399498
10238.02967945618706088
10238.668125089269779
10239.54047740447777036
10240.32780393666780161
10241.2141776554474299
10241.49185375418172959
10242.83231599573486773
10244.17304420472191662
10244.9133896165116231
10245.8347798678137893
10246.43317835569035316
10246.93332628735109788
10247.77441410878899264
10249.06558929331545627
10249.69027854229745139
10250.6577908689714043
10250.89467757858676536
10252.52879638975848242
10253.18740090562661321
10254.04291169682744778
10254.88984814343362702
10256.07601383285378454
10256.69914064711991713
10257.38683473915754872
10257.89469754204142237
10258.7479465441017605
10259.73333173331102872
10260.66386632322212874
10262.15502400057486866
10262.58525111595631607
10263.30637367306665765
10264.31779210453487289
10265.15890233325626725
10265.592590014041859
10266.93807019240657063
10267.36147764204231255
10268.4333949711151146
10269.34167452133765697
10269.59439498432028243
10270.85364466023482183
10272.53233341048796577
10272.89621356816640042
10273.46168970812888967
10274.39591344157036678
10275.26104416280725671
10275.8823007625967928
10276.60344550318117626
10277.68053036931699307
10278.41385608465181505
10279.79271070447189362
10280.46062760900039538
10281.19432870303552984
10282.16534631018227059
10282.61412890896147339
10284.01612864947871044
10284.77608244243636532
10285.24808163463234462
10286.13913558470379924
10286.5652197190511956
10287.83870687449442538
10289.03096661633386735
10289.70401307247407344
10290.95521099793793108
10291.55066865239583064
10292.19253369011245157
10293.10230095819269927
10293.34037974576215084
10294.80086876323777942
10295.55532883837250694
10296.49272398494828366
10297.02271273407827891
10298.26557031034256174
10299.15529842691317961
10299.78693510451125217
10301.10789340816893629
10301.65963976085459734
10302.20747901185668685
10303.21711118657873249
10304.17762349860832987
10304.52928459806119781
10305.20406710321679883
10306.93773043756535348
10307.95327305724859002
10308.50611252457972316
10309.27107214497666798
10309.71467809074461214
10311.04962268311919026
10311.70004861928402934
10312.48450150490606918
10313.26973187425796302
10314.32856818475519686
10314.81478002145108727
10315.93202470768517511
10316.9185818072448529
10317.84032692527301028
10318.86013013109238973
10319.53296908020827909
10320.2885824381002883
10320.87181415146278557
10321.5304847729204897
10322.49074797314962187
10323.60401746612607308
10324.59409051408320037
10325.22231423601354795
10326.59717284865993259
10327.06032455818091244
10327.86421526836761517
10328.49449837854803316
10329.57348881228809432
10330.81823291268201734
10331.14367081934571653
10331.59080258541367844
10332.77575685592170857
10333.46675560854251629
10335.08376639725500333
10335.78051335402116421
10336.50992851195725259
10337.20756818374329921
10338.14549367098842478
10338.61263499925395781
10339.5973531718433
10340.4491066293058605
10341.18045188267238683
10342.29444157813524083
10343.61207742327429815
10343.81901569120937871
10344.57946155621076109
10345.96930140185835863
10346.77518176938775458
10347.37407051438040113
10348.27233955993973357
10348.7849563413572553
10349.67777933683693092
10350.77050085508787429
10351.0485293027208482
10352.91008732949013377
10353.60662846259811648
10354.29688325323227237
10355.17931013849766414
10355.68504407035629868
10356.54698304421399686
10357.30963118046459968
10358.68477594339513824
10359.12787352380167751
10359.82841850699534681
10360.68799177272323414
10362.02214840182956029
10362.81309661440310523
10363.56902505413419869
10364.46777368820585244
10365.310942111076764
10366.29413886385390063
10366.560789393493656
10367.40578606248099898
10368.05082628393600585
10369.61647099913536579
10370.39638494244360132
10371.40210744809799756
10372.00795186557885922
10373.05007383426716851
10373.33976208693223456
10374.63423321467169474
10375.60330320960768014
10375.80891189150241777
10377.12005356554680131
10377.68693325670728196
10378.49916343406864505
10379.52823968536609303
10380.5671964663392706
10381.8563428737409654
10382.46542853885857227
10382.94471403713722711
10383.41994104162597105
10384.75588875412504356
10385.25267453481884754
10386.27351082899428562
10387.00466665290471085
10388.19758494295170947
10389.18977414431906855
10389.83907859707306687
10390.71465312531620726
10391.24545244066700509
10392.67428165706360471
10393.18235935773068795
10393.93718276612456347
10394.90407468758054908
10395.30810977544987813
10395.99483497076802363
10397.6970151729817898
10398.54751295524703682
10399.3882723773271182
10399.82283812936590872
10401.25566604870068002
10401.45305845912101489
10402.19989859739689268
10403.01788549925834579
10404.39272907901389161
10404.87976258433430113
10405.85103398727377704
10406.61220352509532176
10407.6208763039384457
10408.63690116031032065
10409.4626829897415932
10410.21322784133575953
10411.15900795495550126
10411.60825231884752883
10412.51107328651658017
10413.18146063019738865
10414.18339186801476616
10414.96143341259594109
10416.61328058749752244
10417.32275786690950237
10417.6067376577607428
10418.65965716802089179
10419.12794093346146724
10420.31881189948428606
10421.43376653314852408
10421.86297765147579498
10422.40943365644956264
10423.5287385831138156
10424.71776196877741551
10425.12718255604139162
10426.55421279482656022
10427.32779694266096268
10428.05789425581561893
10428.88478355820398459
10429.51961566880885829
10430.14783209684422256
10430.95764399820689229
10431.97749444779926561
10433.22066254891096446
10433.90579544747708575
10434.85420804854879221
10435.55189801848578304
10436.5164685260802683
10437.37152951303278438
10437.89392812064960275
10438.96426314591640221
10439.91465368905607337
10440.51621622538992885
10441.15343550024060134
10441.79481614000269131
10443.51448300592560682
10444.50992041082138986
10444.8784753742391376
10445.95803320966222652
10446.49052344652723666
10447.14606093603924858
10448.3700340223696902
10448.68410853259069364
10449.95453534973039326
10450.67651693167363936
10451.59452241901121564
10452.84465266804092055
10453.50285466412858274
10453.76311480221589448
10455.39073731347494718
10456.15148292035094094
10456.84085037896512572
10457.23121540352633726
10458.09279794143913334
10459.14178420010952186
10459.75837235067059931
10461.3117933105303372
10461.81881762718126724
10463.21568683277780554
10463.58684302671103855
10464.15975734045786144
10465.01399124448484524
10465.96119944090474855
10466.90386359432940675
10467.64686429047874348
10468.71021988874132408
10469.00461449212463544
10470.2291300041473587
10471.25613123547086695
10472.41359706729923401
10472.89770952519456296
10473.66361677090815312
10474.52074426202847799
10475.42407451593841157
10476.01335139646653873
10476.56056915676617271
10477.58104783192002879
10479.19495196016286197
10479.84965815006966623
10480.46159742946286458
10481.25838469232695818
10482.17681888028919308
10483.0049039937891742
10483.76666394541217049
10484.92875236097720626
10485.2550872280384427
10486.10813093741472577
10487.03196452713541106
10487.96308245714772727
10489.00457101905075741
10490.06775659379441149
10491.00979030885830658
10491.44677239853166222
10492.42750426597034547
10492.88690884785781069
10493.42294835895006218
10495.18653474379702876
10495.44349593970689257
10496.24655615665723329
10497.68759333820120856
10498.33410549945854292
10499.20181140622133858
10499.80231142754643492
10500.80826255124898308
10501.83860279836924416
10502.49127343979820965
10503.20728831256779671
10503.88695580849863464
10504.55008193975471428
10505.64893971022952724
10507.11997071906203325
10507.9491388718215093
10508.52313825171081034
10509.01451797433347189
10510.22921167575145241
10510.83317995115653313
10511.56171134074204212
10512.45482351134423087
10513.34334456831671579
10514.44302385875690648
10515.08418046150994352
10515.86417366253668688
10516.94961176634296738
10517.92195442797884715
10518.89856044381405208
10519.4751149464150026
10519.93220953653951312
10521.14532102513047068
10521.65629192661549579
10522.31664120365749196
10523.55020323927681659
10524.75203366285186458
10525.43539190433202127
10526.59049310651971317
10527.04211507905814119
10527.64550947865535492
10528.40477366495262427
10529.92581955857303949
10530.22117667264882147
10531.40679839658724065
10531.56139886911293756
10532.59965868422979345
10534.06493324055545535
10534.78426300394863656
10535.4901705663059489
10536.66508470085281894
10537.35506637426783015
10537.92650312768738428
10538.53871157927104253
10539.57743331271274873
10540.08550104388740574
10541.52425553356911212
10542.27916710524442769
10543.46382450563381328
10543.7925066981734994
10544.85573778328891881
10545.55474776456526249
10546.86258685415299287
10547.15337051249564161
10548.02350498569717103
10548.95645718996878594
10549.71492914092623099
10550.45467396212383799
10551.13959729038698072
10553.16800346947013096
10553.34298361335392509
10554.31752816105082884
10554.82398025772790084
10555.64659858978306109
10556.50588279650340628
10557.31588764615299108
10558.21314348460207807
10559.13797341483655933
10559.77332283212118038
10561.15523524293186818
10561.71705123686163705
10562.47624309170871275
10563.77997916627141687
10564.00669267885134399
10565.51870928828586822
10565.9131825116871874
10566.58777210268593145
10567.00132004841796931
10568.22138829687141637
10569.43337774685557481
10570.45659002944035336
10571.14461794215564516
10571.9821779521637518
10572.89766460245250571
10573.49155199062950404
10574.04849305862126644
10575.14988079262464153
10576.23111923623139082
10577.00302559480592706
10577.24495406623755138
10578.7529762412640191
10579.26096883528937637
10580.53353719516997023
10581.67005425840106935
10582.0128891145677442
10582.81220858320112167
10583.63331201488609319
10584.28401581735499605
10585.4435949793407284
10585.68284561917974174
10586.92415384137346974
10588.35932146148092357
10589.04867562726021897
10589.73977867005423565
10590.18013494127526009
10591.23763122458034201
10592.43517052051483995
10593.01586067275788683
10593.68405178469970149
10594.4820736704689786
10595.48632530718216287
10595.90751076719559887
10597.42037637790440423
10598.28207154056944715
10599.13617065994915483
